DATE (ddd.MMM.dd.yyyy hh:mm:ss.zzz),<int>,<float>,<string>,<uint8_t>,<int8_t>,<char>,RX hz,TX hz,CRC Errors,graph(0)->data.size()
Mon.May.02.2022 13:17:32.890,13,5.09808,MCU is reading properly,253,-12,G,1.00 kHz,0.99 Hz,0,222
Mon.May.02.2022 13:17:32.894,13,5.11285,MCU is reading properly,253,-12,G,1.00 kHz,0.99 Hz,0,222
Mon.May.02.2022 13:17:32.898,13,5.11285,MCU is reading properly,253,-12,G,1.00 kHz,0.99 Hz,0,222
Mon.May.02.2022 13:17:32.903,13,5.12849,MCU is reading properly,253,-12,G,1.00 kHz,0.99 Hz,0,223
Mon.May.02.2022 13:17:32.909,13,5.12849,MCU is reading properly,253,-12,G,1.00 kHz,0.99 Hz,0,223
Mon.May.02.2022 13:17:32.914,13,5.14506,MCU is reading properly,253,-12,G,1.00 kHz,0.99 Hz,0,224
Mon.May.02.2022 13:17:32.918,13,5.16239,MCU is reading properly,253,-12,G,1.00 kHz,0.99 Hz,0,224
Mon.May.02.2022 13:17:32.921,13,5.18021,MCU is reading properly,253,-12,G,1.00 kHz,0.99 Hz,0,224
Mon.May.02.2022 13:17:32.927,13,5.19873,MCU is reading properly,253,-12,G,1.00 kHz,0.99 Hz,0,225
Mon.May.02.2022 13:17:32.930,13,5.21802,MCU is reading properly,253,-12,G,1.00 kHz,0.99 Hz,0,225
Mon.May.02.2022 13:17:32.934,13,5.23787,MCU is reading properly,253,-12,G,1.00 kHz,0.99 Hz,0,225
Mon.May.02.2022 13:17:33.040,13,5.25835,MCU is reading properly,253,-12,G,1.00 kHz,1.05 Hz,0,226
Mon.May.02.2022 13:17:33.044,13,5.2795,MCU is reading properly,253,-12,G,1.00 kHz,1.05 Hz,0,226
Mon.May.02.2022 13:17:33.047,13,5.3012,MCU is reading properly,253,-12,G,1.00 kHz,1.05 Hz,0,226
Mon.May.02.2022 13:17:33.052,13,5.32343,MCU is reading properly,253,-12,G,1.00 kHz,1.05 Hz,0,227
Mon.May.02.2022 13:17:33.055,13,5.32343,MCU is reading properly,253,-12,G,1.00 kHz,1.05 Hz,0,227
Mon.May.02.2022 13:17:33.059,13,5.34607,MCU is reading properly,253,-12,G,1.00 kHz,1.05 Hz,0,227
Mon.May.02.2022 13:17:33.064,13,5.36913,MCU is reading properly,253,-12,G,1.00 kHz,1.05 Hz,0,228
Mon.May.02.2022 13:17:33.068,13,5.39258,MCU is reading properly,253,-12,G,1.00 kHz,1.05 Hz,0,228
Mon.May.02.2022 13:17:33.071,13,5.41638,MCU is reading properly,253,-12,G,1.00 kHz,1.05 Hz,0,228
Mon.May.02.2022 13:17:33.076,13,5.44047,MCU is reading properly,253,-12,G,1.00 kHz,1.05 Hz,0,229
Mon.May.02.2022 13:17:33.206,13,5.46481,MCU is reading properly,253,-12,G,1.00 kHz,1.05 Hz,0,230
Mon.May.02.2022 13:17:33.211,13,5.48936,MCU is reading properly,253,-12,G,1.00 kHz,1.05 Hz,0,230
Mon.May.02.2022 13:17:33.216,13,5.51413,MCU is reading properly,253,-12,G,1.00 kHz,1.05 Hz,0,231
Mon.May.02.2022 13:17:33.219,13,5.53893,MCU is reading properly,253,-12,G,1.00 kHz,1.05 Hz,0,231
Mon.May.02.2022 13:17:33.226,13,5.53893,MCU is reading properly,253,-12,G,1.00 kHz,1.05 Hz,0,232
Mon.May.02.2022 13:17:33.230,13,5.56365,MCU is reading properly,253,-12,G,1.00 kHz,1.05 Hz,0,232
Mon.May.02.2022 13:17:33.233,13,5.56365,MCU is reading properly,253,-12,G,1.00 kHz,1.05 Hz,0,232
Mon.May.02.2022 13:17:33.238,13,5.58859,MCU is reading properly,253,-12,G,1.00 kHz,1.05 Hz,0,233
Mon.May.02.2022 13:17:33.242,13,5.61342,MCU is reading properly,253,-12,G,1.00 kHz,1.05 Hz,0,233
Mon.May.02.2022 13:17:33.245,13,5.63815,MCU is reading properly,253,-12,G,1.00 kHz,1.05 Hz,0,233
Mon.May.02.2022 13:17:33.250,13,5.66281,MCU is reading properly,253,-12,G,1.00 kHz,1.05 Hz,0,234
Mon.May.02.2022 13:17:33.254,13,5.68728,MCU is reading properly,253,-12,G,1.00 kHz,1.05 Hz,0,234
Mon.May.02.2022 13:17:33.363,13,5.71143,MCU is reading properly,253,-12,G,1.00 kHz,1.05 Hz,0,235
Mon.May.02.2022 13:17:33.367,13,5.73529,MCU is reading properly,253,-12,G,1.00 kHz,1.05 Hz,0,235
Mon.May.02.2022 13:17:33.370,13,5.7588,MCU is reading properly,253,-12,G,1.00 kHz,1.05 Hz,0,235
Mon.May.02.2022 13:17:33.375,13,5.78192,MCU is reading properly,253,-12,G,1.00 kHz,1.05 Hz,0,236
Mon.May.02.2022 13:17:33.379,13,5.80458,MCU is reading properly,253,-12,G,1.00 kHz,1.05 Hz,0,236
Mon.May.02.2022 13:17:33.382,13,5.80458,MCU is reading properly,253,-12,G,1.00 kHz,1.05 Hz,0,236
Mon.May.02.2022 13:17:33.387,13,5.82663,MCU is reading properly,253,-12,G,1.00 kHz,1.05 Hz,0,237
Mon.May.02.2022 13:17:33.391,13,5.8482,MCU is reading properly,253,-12,G,1.00 kHz,1.05 Hz,0,237
Mon.May.02.2022 13:17:33.396,13,5.86918,MCU is reading properly,253,-12,G,1.00 kHz,1.05 Hz,0,237
Mon.May.02.2022 13:17:33.400,13,5.88952,MCU is reading properly,253,-12,G,1.00 kHz,1.05 Hz,0,238
Mon.May.02.2022 13:17:33.527,13,5.90917,MCU is reading properly,253,-12,G,1.00 kHz,1.05 Hz,0,239
Mon.May.02.2022 13:17:33.527,13,5.92809,MCU is reading properly,253,-12,G,1.00 kHz,1.05 Hz,0,239
Mon.May.02.2022 13:17:33.527,13,5.94624,MCU is reading properly,253,-12,G,1.00 kHz,1.05 Hz,0,239
Mon.May.02.2022 13:17:33.527,13,5.96356,MCU is reading properly,253,-12,G,1.00 kHz,1.05 Hz,0,239
Mon.May.02.2022 13:17:33.527,13,5.98001,MCU is reading properly,253,-12,G,1.00 kHz,1.05 Hz,0,239
Mon.May.02.2022 13:17:33.543,13,5.98001,MCU is reading properly,253,-12,G,1.00 kHz,1.05 Hz,0,240
Mon.May.02.2022 13:17:33.543,13,5.99551,MCU is reading properly,253,-12,G,1.00 kHz,1.05 Hz,0,240
Mon.May.02.2022 13:17:33.543,13,5.99551,MCU is reading properly,253,-12,G,1.00 kHz,1.05 Hz,0,240
Mon.May.02.2022 13:17:33.543,13,6.01006,MCU is reading properly,253,-12,G,1.00 kHz,1.05 Hz,0,240
Mon.May.02.2022 13:17:33.558,13,6.02366,MCU is reading properly,253,-12,G,1.00 kHz,1.05 Hz,0,241
Mon.May.02.2022 13:17:33.558,13,6.03623,MCU is reading properly,253,-12,G,1.00 kHz,1.05 Hz,0,241
Mon.May.02.2022 13:17:33.558,13,6.04769,MCU is reading properly,253,-12,G,1.00 kHz,1.05 Hz,0,241
Mon.May.02.2022 13:17:33.689,13,6.05805,MCU is reading properly,253,-12,G,1.00 kHz,1.05 Hz,0,242
Mon.May.02.2022 13:17:33.689,13,6.06726,MCU is reading properly,253,-12,G,1.00 kHz,1.05 Hz,0,242
Mon.May.02.2022 13:17:33.689,13,6.07531,MCU is reading properly,253,-12,G,1.00 kHz,1.05 Hz,0,242
Mon.May.02.2022 13:17:33.689,13,6.08214,MCU is reading properly,253,-12,G,1.00 kHz,1.05 Hz,0,242
Mon.May.02.2022 13:17:33.705,13,6.08774,MCU is reading properly,253,-12,G,1.00 kHz,1.05 Hz,0,243
Mon.May.02.2022 13:17:33.705,13,6.09206,MCU is reading properly,253,-12,G,1.00 kHz,1.05 Hz,0,243
Mon.May.02.2022 13:17:33.705,13,6.09206,MCU is reading properly,253,-12,G,1.00 kHz,1.05 Hz,0,243
Mon.May.02.2022 13:17:33.705,13,6.09509,MCU is reading properly,253,-12,G,1.00 kHz,1.05 Hz,0,243
Mon.May.02.2022 13:17:33.720,13,6.09679,MCU is reading properly,253,-12,G,1.00 kHz,1.05 Hz,0,244
Mon.May.02.2022 13:17:33.720,13,6.09714,MCU is reading properly,253,-12,G,1.00 kHz,1.05 Hz,0,244
Mon.May.02.2022 13:17:33.720,13,6.09612,MCU is reading properly,253,-12,G,1.00 kHz,1.05 Hz,0,244
Mon.May.02.2022 13:17:33.852,13,6.09371,MCU is reading properly,253,-12,G,1.00 kHz,1.05 Hz,0,245
Mon.May.02.2022 13:17:33.852,13,6.08989,MCU is reading properly,253,-12,G,1.00 kHz,1.05 Hz,0,245
Mon.May.02.2022 13:17:33.852,13,6.08463,MCU is reading properly,253,-12,G,1.00 kHz,1.05 Hz,0,245
Mon.May.02.2022 13:17:33.852,13,6.07793,MCU is reading properly,253,-12,G,1.00 kHz,1.05 Hz,0,245
Mon.May.02.2022 13:17:33.852,13,6.06978,MCU is reading properly,253,-12,G,1.00 kHz,1.05 Hz,0,245
Mon.May.02.2022 13:17:33.868,13,6.06978,MCU is reading properly,253,-12,G,1.00 kHz,1.05 Hz,0,246
Mon.May.02.2022 13:17:33.874,13,6.06007,MCU is reading properly,253,-12,G,1.00 kHz,1.05 Hz,0,246
Mon.May.02.2022 13:17:33.874,13,6.06007,MCU is reading properly,253,-12,G,1.00 kHz,1.05 Hz,0,246
Mon.May.02.2022 13:17:33.874,13,6.04872,MCU is reading properly,253,-12,G,1.00 kHz,1.05 Hz,0,246
Mon.May.02.2022 13:17:33.874,13,6.03577,MCU is reading properly,253,-12,G,1.00 kHz,1.05 Hz,0,246
Mon.May.02.2022 13:17:33.890,13,6.02125,MCU is reading properly,253,-12,G,1.00 kHz,1.05 Hz,0,246
Mon.May.02.2022 13:17:33.890,13,6.00516,MCU is reading properly,253,-12,G,1.00 kHz,1.05 Hz,0,247
Mon.May.02.2022 13:17:34.005,13,5.9875,MCU is reading properly,253,-12,G,1.00 kHz,0.99 Hz,0,248
Mon.May.02.2022 13:17:34.005,13,5.96826,MCU is reading properly,253,-12,G,1.00 kHz,0.99 Hz,0,248
Mon.May.02.2022 13:17:34.005,13,5.94744,MCU is reading properly,253,-12,G,1.00 kHz,0.99 Hz,0,248
Mon.May.02.2022 13:17:34.005,13,5.92505,MCU is reading properly,253,-12,G,1.00 kHz,0.99 Hz,0,248
Mon.May.02.2022 13:17:34.005,13,5.90109,MCU is reading properly,253,-12,G,1.00 kHz,0.99 Hz,0,248
Mon.May.02.2022 13:17:34.021,13,5.87558,MCU is reading properly,253,-12,G,1.00 kHz,0.99 Hz,0,249
Mon.May.02.2022 13:17:34.021,13,5.87558,MCU is reading properly,253,-12,G,1.00 kHz,0.99 Hz,0,249
Mon.May.02.2022 13:17:34.021,13,5.84851,MCU is reading properly,253,-12,G,1.00 kHz,0.99 Hz,0,249
Mon.May.02.2022 13:17:34.021,13,5.82025,MCU is reading properly,253,-12,G,1.00 kHz,0.99 Hz,0,249
Mon.May.02.2022 13:17:34.037,13,5.79085,MCU is reading properly,253,-12,G,1.00 kHz,0.99 Hz,0,250
Mon.May.02.2022 13:17:34.169,13,5.76001,MCU is reading properly,253,-12,G,1.00 kHz,0.99 Hz,0,251
Mon.May.02.2022 13:17:34.174,13,5.72785,MCU is reading properly,253,-12,G,1.00 kHz,0.99 Hz,0,251
Mon.May.02.2022 13:17:34.174,13,5.6948,MCU is reading properly,253,-12,G,1.00 kHz,0.99 Hz,0,251
Mon.May.02.2022 13:17:34.174,13,5.66063,MCU is reading properly,253,-12,G,1.00 kHz,0.99 Hz,0,251
Mon.May.02.2022 13:17:34.174,13,5.62516,MCU is reading properly,253,-12,G,1.00 kHz,0.99 Hz,0,251
Mon.May.02.2022 13:17:34.174,13,5.58842,MCU is reading properly,253,-12,G,1.00 kHz,0.99 Hz,0,251
Mon.May.02.2022 13:17:34.190,13,5.58842,MCU is reading properly,253,-12,G,1.00 kHz,0.99 Hz,0,252
Mon.May.02.2022 13:17:34.190,13,5.55043,MCU is reading properly,253,-12,G,1.00 kHz,0.99 Hz,0,252
Mon.May.02.2022 13:17:34.190,13,5.55043,MCU is reading properly,253,-12,G,1.00 kHz,0.99 Hz,0,252
Mon.May.02.2022 13:17:34.190,13,5.51157,MCU is reading properly,253,-12,G,1.00 kHz,0.99 Hz,0,252
Mon.May.02.2022 13:17:34.190,13,5.47118,MCU is reading properly,253,-12,G,1.00 kHz,0.99 Hz,0,252
Mon.May.02.2022 13:17:34.206,13,5.42961,MCU is reading properly,253,-12,G,1.00 kHz,0.99 Hz,0,253
Mon.May.02.2022 13:17:34.321,13,5.38691,MCU is reading properly,253,-12,G,1.00 kHz,0.99 Hz,0,254
Mon.May.02.2022 13:17:34.321,13,5.34311,MCU is reading properly,253,-12,G,1.00 kHz,0.99 Hz,0,254
Mon.May.02.2022 13:17:34.321,13,5.2981,MCU is reading properly,253,-12,G,1.00 kHz,0.99 Hz,0,254
Mon.May.02.2022 13:17:34.321,13,5.25219,MCU is reading properly,253,-12,G,1.00 kHz,0.99 Hz,0,254
Mon.May.02.2022 13:17:34.321,13,5.20529,MCU is reading properly,253,-12,G,1.00 kHz,0.99 Hz,0,254
Mon.May.02.2022 13:17:34.337,13,5.15728,MCU is reading properly,253,-12,G,1.00 kHz,0.99 Hz,0,255
Mon.May.02.2022 13:17:34.337,13,5.10848,MCU is reading properly,253,-12,G,1.00 kHz,0.99 Hz,0,255
Mon.May.02.2022 13:17:34.337,13,5.10848,MCU is reading properly,253,-12,G,1.00 kHz,0.99 Hz,0,255
Mon.May.02.2022 13:17:34.337,13,5.05897,MCU is reading properly,253,-12,G,1.00 kHz,0.99 Hz,0,255
Mon.May.02.2022 13:17:34.353,13,5.00846,MCU is reading properly,253,-12,G,1.00 kHz,0.99 Hz,0,256
Mon.May.02.2022 13:17:34.491,13,4.95716,MCU is reading properly,253,-12,G,1.00 kHz,0.99 Hz,0,257
Mon.May.02.2022 13:17:34.491,13,4.90511,MCU is reading properly,253,-12,G,1.00 kHz,0.99 Hz,0,257
Mon.May.02.2022 13:17:34.491,13,4.85234,MCU is reading properly,253,-12,G,1.00 kHz,0.99 Hz,0,257
Mon.May.02.2022 13:17:34.491,13,4.79892,MCU is reading properly,253,-12,G,1.00 kHz,0.99 Hz,0,257
Mon.May.02.2022 13:17:34.506,13,4.74488,MCU is reading properly,253,-12,G,1.00 kHz,0.99 Hz,0,258
Mon.May.02.2022 13:17:34.506,13,4.69027,MCU is reading properly,253,-12,G,1.00 kHz,0.99 Hz,0,258
Mon.May.02.2022 13:17:34.506,13,4.63514,MCU is reading properly,253,-12,G,1.00 kHz,0.99 Hz,0,258
Mon.May.02.2022 13:17:34.506,13,4.63514,MCU is reading properly,253,-12,G,1.00 kHz,0.99 Hz,0,258
Mon.May.02.2022 13:17:34.522,13,4.57954,MCU is reading properly,253,-12,G,1.00 kHz,0.99 Hz,0,259
Mon.May.02.2022 13:17:34.522,13,4.57954,MCU is reading properly,253,-12,G,1.00 kHz,0.99 Hz,0,259
Mon.May.02.2022 13:17:34.522,13,4.52352,MCU is reading properly,253,-12,G,1.00 kHz,0.99 Hz,0,259
Mon.May.02.2022 13:17:34.653,13,4.46713,MCU is reading properly,253,-12,G,1.00 kHz,0.99 Hz,0,260
Mon.May.02.2022 13:17:34.653,13,4.41041,MCU is reading properly,253,-12,G,1.00 kHz,0.99 Hz,0,260
Mon.May.02.2022 13:17:34.653,13,4.35343,MCU is reading properly,253,-12,G,1.00 kHz,0.99 Hz,0,260
Mon.May.02.2022 13:17:34.653,13,4.29623,MCU is reading properly,253,-12,G,1.00 kHz,0.99 Hz,0,260
Mon.May.02.2022 13:17:34.653,13,4.23887,MCU is reading properly,253,-12,G,1.00 kHz,0.99 Hz,0,260
Mon.May.02.2022 13:17:34.669,13,4.18156,MCU is reading properly,253,-12,G,1.00 kHz,0.99 Hz,0,261
Mon.May.02.2022 13:17:34.676,13,4.12402,MCU is reading properly,253,-12,G,1.00 kHz,0.99 Hz,0,261
Mon.May.02.2022 13:17:34.676,13,4.06648,MCU is reading properly,253,-12,G,1.00 kHz,0.99 Hz,0,261
Mon.May.02.2022 13:17:34.676,13,4.00898,MCU is reading properly,253,-12,G,1.00 kHz,0.99 Hz,0,261
Mon.May.02.2022 13:17:34.676,13,4.00898,MCU is reading properly,253,-12,G,1.00 kHz,0.99 Hz,0,261
Mon.May.02.2022 13:17:34.676,13,3.95174,MCU is reading properly,253,-12,G,1.00 kHz,0.99 Hz,0,261
Mon.May.02.2022 13:17:34.691,13,3.89449,MCU is reading properly,253,-12,G,1.00 kHz,0.99 Hz,0,262
Mon.May.02.2022 13:17:34.808,13,3.83744,MCU is reading properly,253,-12,G,1.00 kHz,0.99 Hz,0,263
Mon.May.02.2022 13:17:34.808,13,3.78065,MCU is reading properly,253,-12,G,1.00 kHz,0.99 Hz,0,263
Mon.May.02.2022 13:17:34.808,13,3.72416,MCU is reading properly,253,-12,G,1.00 kHz,0.99 Hz,0,263
Mon.May.02.2022 13:17:34.808,13,3.66803,MCU is reading properly,253,-12,G,1.00 kHz,0.99 Hz,0,263
Mon.May.02.2022 13:17:34.808,13,3.61232,MCU is reading properly,253,-12,G,1.00 kHz,0.99 Hz,0,263
Mon.May.02.2022 13:17:34.824,13,3.55707,MCU is reading properly,253,-12,G,1.00 kHz,0.99 Hz,0,264
Mon.May.02.2022 13:17:34.824,13,3.50233,MCU is reading properly,253,-12,G,1.00 kHz,0.99 Hz,0,264
Mon.May.02.2022 13:17:34.824,13,3.50233,MCU is reading properly,253,-12,G,1.00 kHz,0.99 Hz,0,264
Mon.May.02.2022 13:17:34.824,13,3.44815,MCU is reading properly,253,-12,G,1.00 kHz,0.99 Hz,0,264
Mon.May.02.2022 13:17:34.840,13,3.44815,MCU is reading properly,253,-12,G,1.00 kHz,0.99 Hz,0,265
Mon.May.02.2022 13:17:34.840,13,3.39459,MCU is reading properly,253,-12,G,1.00 kHz,0.99 Hz,0,265
Mon.May.02.2022 13:17:34.970,13,3.34169,MCU is reading properly,253,-12,G,1.00 kHz,1.00 Hz,0,266
Mon.May.02.2022 13:17:34.976,13,3.28935,MCU is reading properly,253,-12,G,1.00 kHz,1.00 Hz,0,266
Mon.May.02.2022 13:17:34.976,13,3.23776,MCU is reading properly,253,-12,G,1.00 kHz,1.00 Hz,0,266
Mon.May.02.2022 13:17:34.976,13,3.18713,MCU is reading properly,253,-12,G,1.00 kHz,1.00 Hz,0,266
Mon.May.02.2022 13:17:34.976,13,3.13736,MCU is reading properly,253,-12,G,1.00 kHz,1.00 Hz,0,266
Mon.May.02.2022 13:17:34.976,13,3.08833,MCU is reading properly,253,-12,G,1.00 kHz,1.00 Hz,0,266
Mon.May.02.2022 13:17:34.992,13,3.04039,MCU is reading properly,253,-12,G,1.00 kHz,1.00 Hz,0,267
Mon.May.02.2022 13:17:34.992,13,2.99315,MCU is reading properly,253,-12,G,1.00 kHz,1.00 Hz,0,267
Mon.May.02.2022 13:17:34.992,13,2.94708,MCU is reading properly,253,-12,G,1.00 kHz,1.00 Hz,0,267
Mon.May.02.2022 13:17:34.992,13,2.94708,MCU is reading properly,253,-12,G,1.00 kHz,1.00 Hz,0,267
Mon.May.02.2022 13:17:35.008,13,2.90221,MCU is reading properly,253,-12,G,1.00 kHz,1.00 Hz,0,268
Mon.May.02.2022 13:17:35.123,13,2.85792,MCU is reading properly,253,-12,G,1.00 kHz,1.00 Hz,0,269
Mon.May.02.2022 13:17:35.123,13,2.81466,MCU is reading properly,253,-12,G,1.00 kHz,1.00 Hz,0,269
Mon.May.02.2022 13:17:35.123,13,2.7725,MCU is reading properly,253,-12,G,1.00 kHz,1.00 Hz,0,269
Mon.May.02.2022 13:17:35.123,13,2.73159,MCU is reading properly,253,-12,G,1.00 kHz,1.00 Hz,0,269
Mon.May.02.2022 13:17:35.123,13,2.69208,MCU is reading properly,253,-12,G,1.00 kHz,1.00 Hz,0,269
Mon.May.02.2022 13:17:35.139,13,2.65389,MCU is reading properly,253,-12,G,1.00 kHz,1.00 Hz,0,270
Mon.May.02.2022 13:17:35.139,13,2.61704,MCU is reading properly,253,-12,G,1.00 kHz,1.00 Hz,0,270
Mon.May.02.2022 13:17:35.139,13,2.58167,MCU is reading properly,253,-12,G,1.00 kHz,1.00 Hz,0,270
Mon.May.02.2022 13:17:35.139,13,2.58167,MCU is reading properly,253,-12,G,1.00 kHz,1.00 Hz,0,270
Mon.May.02.2022 13:17:35.155,13,2.54769,MCU is reading properly,253,-12,G,1.00 kHz,1.00 Hz,0,271
Mon.May.02.2022 13:17:35.155,13,2.54769,MCU is reading properly,253,-12,G,1.00 kHz,1.00 Hz,0,271
Mon.May.02.2022 13:17:35.272,13,2.51523,MCU is reading properly,253,-12,G,1.00 kHz,1.00 Hz,0,272
Mon.May.02.2022 13:17:35.272,13,2.48394,MCU is reading properly,253,-12,G,1.00 kHz,1.00 Hz,0,272
Mon.May.02.2022 13:17:35.277,13,2.45422,MCU is reading properly,253,-12,G,1.00 kHz,1.00 Hz,0,272
Mon.May.02.2022 13:17:35.277,13,2.426,MCU is reading properly,253,-12,G,1.00 kHz,1.00 Hz,0,272
Mon.May.02.2022 13:17:35.277,13,2.39898,MCU is reading properly,253,-12,G,1.00 kHz,1.00 Hz,0,272
Mon.May.02.2022 13:17:35.277,13,2.37318,MCU is reading properly,253,-12,G,1.00 kHz,1.00 Hz,0,272
Mon.May.02.2022 13:17:35.277,13,2.34901,MCU is reading properly,253,-12,G,1.00 kHz,1.00 Hz,0,272
Mon.May.02.2022 13:17:35.292,13,2.32655,MCU is reading properly,253,-12,G,1.00 kHz,1.00 Hz,0,273
Mon.May.02.2022 13:17:35.292,13,2.30575,MCU is reading properly,253,-12,G,1.00 kHz,1.00 Hz,0,273
Mon.May.02.2022 13:17:35.424,13,2.28655,MCU is reading properly,253,-12,G,1.00 kHz,1.00 Hz,0,274
Mon.May.02.2022 13:17:35.424,13,2.28655,MCU is reading properly,253,-12,G,1.00 kHz,1.00 Hz,0,274
Mon.May.02.2022 13:17:35.424,13,2.26908,MCU is reading properly,253,-12,G,1.00 kHz,1.00 Hz,0,274
Mon.May.02.2022 13:17:35.424,13,2.25311,MCU is reading properly,253,-12,G,1.00 kHz,1.00 Hz,0,274
Mon.May.02.2022 13:17:35.439,13,2.23871,MCU is reading properly,253,-12,G,1.00 kHz,1.00 Hz,0,275
Mon.May.02.2022 13:17:35.439,13,2.22607,MCU is reading properly,253,-12,G,1.00 kHz,1.00 Hz,0,275
Mon.May.02.2022 13:17:35.439,13,2.21515,MCU is reading properly,253,-12,G,1.00 kHz,1.00 Hz,0,275
Mon.May.02.2022 13:17:35.439,13,2.206,MCU is reading properly,253,-12,G,1.00 kHz,1.00 Hz,0,275
Mon.May.02.2022 13:17:35.455,13,2.19862,MCU is reading properly,253,-12,G,1.00 kHz,1.00 Hz,0,276
Mon.May.02.2022 13:17:35.462,13,2.19298,MCU is reading properly,253,-12,G,1.00 kHz,1.00 Hz,0,276
Mon.May.02.2022 13:17:35.593,13,2.18908,MCU is reading properly,253,-12,G,1.00 kHz,1.00 Hz,0,277
Mon.May.02.2022 13:17:35.593,13,2.18908,MCU is reading properly,253,-12,G,1.00 kHz,1.00 Hz,0,277
Mon.May.02.2022 13:17:35.593,13,2.18692,MCU is reading properly,253,-12,G,1.00 kHz,1.00 Hz,0,277
Mon.May.02.2022 13:17:35.593,13,2.18692,MCU is reading properly,253,-12,G,1.00 kHz,1.00 Hz,0,277
Mon.May.02.2022 13:17:35.593,13,2.18645,MCU is reading properly,253,-12,G,1.00 kHz,1.00 Hz,0,277
Mon.May.02.2022 13:17:35.609,13,2.1876,MCU is reading properly,253,-12,G,1.00 kHz,1.00 Hz,0,278
Mon.May.02.2022 13:17:35.609,13,2.19035,MCU is reading properly,253,-12,G,1.00 kHz,1.00 Hz,0,278
Mon.May.02.2022 13:17:35.609,13,2.19467,MCU is reading properly,253,-12,G,1.00 kHz,1.00 Hz,0,278
Mon.May.02.2022 13:17:35.609,13,2.20053,MCU is reading properly,253,-12,G,1.00 kHz,1.00 Hz,0,278
Mon.May.02.2022 13:17:35.624,13,2.20793,MCU is reading properly,253,-12,G,1.00 kHz,1.00 Hz,0,279
Mon.May.02.2022 13:17:35.624,13,2.21682,MCU is reading properly,253,-12,G,1.00 kHz,1.00 Hz,0,279
Mon.May.02.2022 13:17:35.624,13,2.22722,MCU is reading properly,253,-12,G,1.00 kHz,1.00 Hz,0,279
Mon.May.02.2022 13:17:35.740,13,2.23903,MCU is reading properly,253,-12,G,1.00 kHz,1.00 Hz,0,280
Mon.May.02.2022 13:17:35.740,13,2.25233,MCU is reading properly,253,-12,G,1.00 kHz,1.00 Hz,0,280
Mon.May.02.2022 13:17:35.740,13,2.25233,MCU is reading properly,253,-12,G,1.00 kHz,1.00 Hz,0,280
Mon.May.02.2022 13:17:35.740,13,2.26703,MCU is reading properly,253,-12,G,1.00 kHz,1.00 Hz,0,280
Mon.May.02.2022 13:17:35.740,13,2.28299,MCU is reading properly,253,-12,G,1.00 kHz,1.00 Hz,0,280
Mon.May.02.2022 13:17:35.756,13,2.30025,MCU is reading properly,253,-12,G,1.00 kHz,1.00 Hz,0,281
Mon.May.02.2022 13:17:35.756,13,2.3185,MCU is reading properly,253,-12,G,1.00 kHz,1.00 Hz,0,281
Mon.May.02.2022 13:17:35.756,13,2.33794,MCU is reading properly,253,-12,G,1.00 kHz,1.00 Hz,0,281
Mon.May.02.2022 13:17:35.756,13,2.3586,MCU is reading properly,253,-12,G,1.00 kHz,1.00 Hz,0,281
Mon.May.02.2022 13:17:35.771,13,2.38031,MCU is reading properly,253,-12,G,1.00 kHz,1.00 Hz,0,282
Mon.May.02.2022 13:17:35.778,13,2.40315,MCU is reading properly,253,-12,G,1.00 kHz,1.00 Hz,0,282
Mon.May.02.2022 13:17:35.894,13,2.42703,MCU is reading properly,253,-12,G,1.00 kHz,1.00 Hz,0,283
Mon.May.02.2022 13:17:35.894,13,2.42703,MCU is reading properly,253,-12,G,1.00 kHz,1.00 Hz,0,283
Mon.May.02.2022 13:17:35.894,13,2.45174,MCU is reading properly,253,-12,G,1.00 kHz,1.00 Hz,0,283
Mon.May.02.2022 13:17:35.894,13,2.45174,MCU is reading properly,253,-12,G,1.00 kHz,1.00 Hz,0,283
Mon.May.02.2022 13:17:35.909,13,2.47746,MCU is reading properly,253,-12,G,1.00 kHz,1.00 Hz,0,284
Mon.May.02.2022 13:17:35.909,13,2.50414,MCU is reading properly,253,-12,G,1.00 kHz,1.00 Hz,0,284
Mon.May.02.2022 13:17:35.909,13,2.53167,MCU is reading properly,253,-12,G,1.00 kHz,1.00 Hz,0,284
Mon.May.02.2022 13:17:35.909,13,2.55991,MCU is reading properly,253,-12,G,1.00 kHz,1.00 Hz,0,284
Mon.May.02.2022 13:17:35.909,13,2.58888,MCU is reading properly,253,-12,G,1.00 kHz,1.00 Hz,0,284
Mon.May.02.2022 13:17:35.925,13,2.61864,MCU is reading properly,253,-12,G,1.00 kHz,1.00 Hz,0,285
Mon.May.02.2022 13:17:36.057,13,2.6485,MCU is reading properly,253,-12,G,1.00 kHz,1.00 Hz,0,286
Mon.May.02.2022 13:17:36.057,13,2.67874,MCU is reading properly,253,-12,G,1.00 kHz,1.00 Hz,0,286
Mon.May.02.2022 13:17:36.057,13,2.70951,MCU is reading properly,253,-12,G,1.00 kHz,1.00 Hz,0,286
Mon.May.02.2022 13:17:36.057,13,2.74073,MCU is reading properly,253,-12,G,1.00 kHz,1.00 Hz,0,286
Mon.May.02.2022 13:17:36.057,13,2.74073,MCU is reading properly,253,-12,G,1.00 kHz,1.00 Hz,0,286
Mon.May.02.2022 13:17:36.073,13,2.77227,MCU is reading properly,253,-12,G,1.00 kHz,1.00 Hz,0,287
Mon.May.02.2022 13:17:36.079,13,2.80427,MCU is reading properly,253,-12,G,1.00 kHz,1.00 Hz,0,287
Mon.May.02.2022 13:17:36.079,13,2.83648,MCU is reading properly,253,-12,G,1.00 kHz,1.00 Hz,0,287
Mon.May.02.2022 13:17:36.079,13,2.86896,MCU is reading properly,253,-12,G,1.00 kHz,1.00 Hz,0,287
Mon.May.02.2022 13:17:36.079,13,2.90164,MCU is reading properly,253,-12,G,1.00 kHz,1.00 Hz,0,287
Mon.May.02.2022 13:17:36.079,13,2.93449,MCU is reading properly,253,-12,G,1.00 kHz,1.00 Hz,0,287
Mon.May.02.2022 13:17:36.210,13,2.96744,MCU is reading properly,253,-12,G,1.00 kHz,1.00 Hz,0,288
Mon.May.02.2022 13:17:36.210,13,3.00045,MCU is reading properly,253,-12,G,1.00 kHz,1.00 Hz,0,288
Mon.May.02.2022 13:17:36.210,13,3.03346,MCU is reading properly,253,-12,G,1.00 kHz,1.00 Hz,0,288
Mon.May.02.2022 13:17:36.210,13,3.03346,MCU is reading properly,253,-12,G,1.00 kHz,1.00 Hz,0,288
Mon.May.02.2022 13:17:36.210,13,3.06634,MCU is reading properly,253,-12,G,1.00 kHz,1.00 Hz,0,288
Mon.May.02.2022 13:17:36.226,13,3.06634,MCU is reading properly,253,-12,G,1.00 kHz,1.00 Hz,0,289
Mon.May.02.2022 13:17:36.226,13,3.09902,MCU is reading properly,253,-12,G,1.00 kHz,1.00 Hz,0,289
Mon.May.02.2022 13:17:36.226,13,3.13176,MCU is reading properly,253,-12,G,1.00 kHz,1.00 Hz,0,289
Mon.May.02.2022 13:17:36.226,13,3.16441,MCU is reading properly,253,-12,G,1.00 kHz,1.00 Hz,0,289
Mon.May.02.2022 13:17:36.241,13,3.19671,MCU is reading properly,253,-12,G,1.00 kHz,1.00 Hz,0,290
Mon.May.02.2022 13:17:36.241,13,3.22873,MCU is reading properly,253,-12,G,1.00 kHz,1.00 Hz,0,290
Mon.May.02.2022 13:17:36.373,13,3.26041,MCU is reading properly,253,-12,G,1.00 kHz,1.00 Hz,0,291
Mon.May.02.2022 13:17:36.379,13,3.29171,MCU is reading properly,253,-12,G,1.00 kHz,1.00 Hz,0,291
Mon.May.02.2022 13:17:36.379,13,3.32257,MCU is reading properly,253,-12,G,1.00 kHz,1.00 Hz,0,291
Mon.May.02.2022 13:17:36.379,13,3.35296,MCU is reading properly,253,-12,G,1.00 kHz,1.00 Hz,0,291
Mon.May.02.2022 13:17:36.379,13,3.38292,MCU is reading properly,253,-12,G,1.00 kHz,1.00 Hz,0,291
Mon.May.02.2022 13:17:36.379,13,3.38292,MCU is reading properly,253,-12,G,1.00 kHz,1.00 Hz,0,291
Mon.May.02.2022 13:17:36.395,13,3.4123,MCU is reading properly,253,-12,G,1.00 kHz,1.00 Hz,0,292
Mon.May.02.2022 13:17:36.395,13,3.44099,MCU is reading properly,253,-12,G,1.00 kHz,1.00 Hz,0,292
Mon.May.02.2022 13:17:36.395,13,3.46903,MCU is reading properly,253,-12,G,1.00 kHz,1.00 Hz,0,292
Mon.May.02.2022 13:17:36.395,13,3.49637,MCU is reading properly,253,-12,G,1.00 kHz,1.00 Hz,0,292
Mon.May.02.2022 13:17:36.410,13,3.52315,MCU is reading properly,253,-12,G,1.00 kHz,1.00 Hz,0,293
Mon.May.02.2022 13:17:36.526,13,3.54921,MCU is reading properly,253,-12,G,1.00 kHz,1.00 Hz,0,294
Mon.May.02.2022 13:17:36.526,13,3.57431,MCU is reading properly,253,-12,G,1.00 kHz,1.00 Hz,0,294
Mon.May.02.2022 13:17:36.526,13,3.59862,MCU is reading properly,253,-12,G,1.00 kHz,1.00 Hz,0,294
Mon.May.02.2022 13:17:36.526,13,3.62205,MCU is reading properly,253,-12,G,1.00 kHz,1.00 Hz,0,294
Mon.May.02.2022 13:17:36.526,13,3.62205,MCU is reading properly,253,-12,G,1.00 kHz,1.00 Hz,0,294
Mon.May.02.2022 13:17:36.542,13,3.64448,MCU is reading properly,253,-12,G,1.00 kHz,1.00 Hz,0,295
Mon.May.02.2022 13:17:36.542,13,3.64448,MCU is reading properly,253,-12,G,1.00 kHz,1.00 Hz,0,295
Mon.May.02.2022 13:17:36.542,13,3.66602,MCU is reading properly,253,-12,G,1.00 kHz,1.00 Hz,0,295
Mon.May.02.2022 13:17:36.542,13,3.68658,MCU is reading properly,253,-12,G,1.00 kHz,1.00 Hz,0,295
Mon.May.02.2022 13:17:36.557,13,3.70605,MCU is reading properly,253,-12,G,1.00 kHz,1.00 Hz,0,296
Mon.May.02.2022 13:17:36.557,13,3.72454,MCU is reading properly,253,-12,G,1.00 kHz,1.00 Hz,0,296
Mon.May.02.2022 13:17:36.675,13,3.74194,MCU is reading properly,253,-12,G,1.00 kHz,1.00 Hz,0,297
Mon.May.02.2022 13:17:36.680,13,3.75825,MCU is reading properly,253,-12,G,1.00 kHz,1.00 Hz,0,297
Mon.May.02.2022 13:17:36.680,13,3.77339,MCU is reading properly,253,-12,G,1.00 kHz,1.00 Hz,0,297
Mon.May.02.2022 13:17:36.680,13,3.78739,MCU is reading properly,253,-12,G,1.00 kHz,1.00 Hz,0,297
Mon.May.02.2022 13:17:36.680,13,3.80033,MCU is reading properly,253,-12,G,1.00 kHz,1.00 Hz,0,297
Mon.May.02.2022 13:17:36.695,13,3.81221,MCU is reading properly,253,-12,G,1.00 kHz,1.00 Hz,0,298
Mon.May.02.2022 13:17:36.695,13,3.81221,MCU is reading properly,253,-12,G,1.00 kHz,1.00 Hz,0,298
Mon.May.02.2022 13:17:36.695,13,3.82287,MCU is reading properly,253,-12,G,1.00 kHz,1.00 Hz,0,298
Mon.May.02.2022 13:17:36.695,13,3.83223,MCU is reading properly,253,-12,G,1.00 kHz,1.00 Hz,0,298
Mon.May.02.2022 13:17:36.711,13,3.84034,MCU is reading properly,253,-12,G,1.00 kHz,1.00 Hz,0,299
Mon.May.02.2022 13:17:36.711,13,3.84715,MCU is reading properly,253,-12,G,1.00 kHz,1.00 Hz,0,299
Mon.May.02.2022 13:17:36.843,13,3.85264,MCU is reading properly,253,-12,G,1.00 kHz,1.00 Hz,0,300
Mon.May.02.2022 13:17:36.843,13,3.85682,MCU is reading properly,253,-12,G,1.00 kHz,1.00 Hz,0,300
Mon.May.02.2022 13:17:36.843,13,3.85968,MCU is reading properly,253,-12,G,1.00 kHz,1.00 Hz,0,300
Mon.May.02.2022 13:17:36.843,13,3.8612,MCU is reading properly,253,-12,G,1.00 kHz,1.00 Hz,0,300
Mon.May.02.2022 13:17:36.843,13,3.8614,MCU is reading properly,253,-12,G,1.00 kHz,1.00 Hz,0,300
Mon.May.02.2022 13:17:36.859,13,3.8614,MCU is reading properly,253,-12,G,1.00 kHz,1.00 Hz,0,301
Mon.May.02.2022 13:17:36.859,13,3.86028,MCU is reading properly,253,-12,G,1.00 kHz,1.00 Hz,0,301
Mon.May.02.2022 13:17:36.859,13,3.86028,MCU is reading properly,253,-12,G,1.00 kHz,1.00 Hz,0,301
Mon.May.02.2022 13:17:36.859,13,3.85782,MCU is reading properly,253,-12,G,1.00 kHz,1.00 Hz,0,301
Mon.May.02.2022 13:17:36.875,13,3.85403,MCU is reading properly,253,-12,G,1.00 kHz,1.00 Hz,0,302
Mon.May.02.2022 13:17:36.996,13,3.84892,MCU is reading properly,253,-12,G,1.00 kHz,1.00 Hz,0,303
Mon.May.02.2022 13:17:36.996,13,3.8425,MCU is reading properly,253,-12,G,1.00 kHz,1.00 Hz,0,303
Mon.May.02.2022 13:17:36.996,13,3.83481,MCU is reading properly,253,-12,G,1.00 kHz,1.00 Hz,0,303
Mon.May.02.2022 13:17:36.996,13,3.82602,MCU is reading properly,253,-12,G,1.00 kHz,1.00 Hz,0,303
Mon.May.02.2022 13:17:37.011,13,3.816,MCU is reading properly,253,-12,G,1.00 kHz,1.00 Hz,0,304
Mon.May.02.2022 13:17:37.011,13,3.80473,MCU is reading properly,253,-12,G,1.00 kHz,1.00 Hz,0,304
Mon.May.02.2022 13:17:37.011,13,3.79225,MCU is reading properly,253,-12,G,1.00 kHz,1.00 Hz,0,304
Mon.May.02.2022 13:17:37.011,13,3.79225,MCU is reading properly,253,-12,G,1.00 kHz,1.00 Hz,0,304
Mon.May.02.2022 13:17:37.027,13,3.77859,MCU is reading properly,253,-12,G,1.00 kHz,1.00 Hz,0,305
Mon.May.02.2022 13:17:37.027,13,3.76381,MCU is reading properly,253,-12,G,1.00 kHz,1.00 Hz,0,305
Mon.May.02.2022 13:17:37.027,13,3.74789,MCU is reading properly,253,-12,G,1.00 kHz,1.00 Hz,0,305
Mon.May.02.2022 13:17:37.143,13,3.73079,MCU is reading properly,253,-12,G,1.00 kHz,1.00 Hz,0,306
Mon.May.02.2022 13:17:37.143,13,3.71259,MCU is reading properly,253,-12,G,1.00 kHz,1.00 Hz,0,306
Mon.May.02.2022 13:17:37.143,13,3.69331,MCU is reading properly,253,-12,G,1.00 kHz,1.00 Hz,0,306
Mon.May.02.2022 13:17:37.143,13,3.67297,MCU is reading properly,253,-12,G,1.00 kHz,1.00 Hz,0,306
Mon.May.02.2022 13:17:37.143,13,3.65168,MCU is reading properly,253,-12,G,1.00 kHz,1.00 Hz,0,306
Mon.May.02.2022 13:17:37.160,13,3.62933,MCU is reading properly,253,-12,G,1.00 kHz,1.00 Hz,0,307
Mon.May.02.2022 13:17:37.160,13,3.60593,MCU is reading properly,253,-12,G,1.00 kHz,1.00 Hz,0,307
Mon.May.02.2022 13:17:37.160,13,3.60593,MCU is reading properly,253,-12,G,1.00 kHz,1.00 Hz,0,307
Mon.May.02.2022 13:17:37.160,13,3.60593,MCU is reading properly,253,-12,G,1.00 kHz,1.00 Hz,0,307
Mon.May.02.2022 13:17:37.175,13,3.5816,MCU is reading properly,253,-12,G,1.00 kHz,1.00 Hz,0,308
Mon.May.02.2022 13:17:37.181,13,3.55652,MCU is reading properly,253,-12,G,1.00 kHz,1.00 Hz,0,308
Mon.May.02.2022 13:17:37.181,13,3.53041,MCU is reading properly,253,-12,G,1.00 kHz,1.00 Hz,0,308
Mon.May.02.2022 13:17:37.312,13,3.50346,MCU is reading properly,253,-12,G,1.00 kHz,1.00 Hz,0,309
Mon.May.02.2022 13:17:37.312,13,3.47571,MCU is reading properly,253,-12,G,1.00 kHz,1.00 Hz,0,309
Mon.May.02.2022 13:17:37.312,13,3.4472,MCU is reading properly,253,-12,G,1.00 kHz,1.00 Hz,0,309
Mon.May.02.2022 13:17:37.312,13,3.41796,MCU is reading properly,253,-12,G,1.00 kHz,1.00 Hz,0,309
Mon.May.02.2022 13:17:37.328,13,3.38804,MCU is reading properly,253,-12,G,1.00 kHz,1.00 Hz,0,310
Mon.May.02.2022 13:17:37.328,13,3.35747,MCU is reading properly,253,-12,G,1.00 kHz,1.00 Hz,0,310
Mon.May.02.2022 13:17:37.328,13,3.32629,MCU is reading properly,253,-12,G,1.00 kHz,1.00 Hz,0,310
Mon.May.02.2022 13:17:37.328,13,3.32629,MCU is reading properly,253,-12,G,1.00 kHz,1.00 Hz,0,310
Mon.May.02.2022 13:17:37.328,13,3.29455,MCU is reading properly,253,-12,G,1.00 kHz,1.00 Hz,0,310
Mon.May.02.2022 13:17:37.344,13,3.26229,MCU is reading properly,253,-12,G,1.00 kHz,1.00 Hz,0,311
Mon.May.02.2022 13:17:37.459,13,3.22955,MCU is reading properly,253,-12,G,1.00 kHz,1.00 Hz,0,312
Mon.May.02.2022 13:17:37.459,13,3.19638,MCU is reading properly,253,-12,G,1.00 kHz,1.00 Hz,0,312
Mon.May.02.2022 13:17:37.459,13,3.16282,MCU is reading properly,253,-12,G,1.00 kHz,1.00 Hz,0,312
Mon.May.02.2022 13:17:37.459,13,3.12892,MCU is reading properly,253,-12,G,1.00 kHz,1.00 Hz,0,312
Mon.May.02.2022 13:17:37.475,13,3.09471,MCU is reading properly,253,-12,G,1.00 kHz,1.00 Hz,0,313
Mon.May.02.2022 13:17:37.482,13,3.06015,MCU is reading properly,253,-12,G,1.00 kHz,1.00 Hz,0,313
Mon.May.02.2022 13:17:37.482,13,3.02548,MCU is reading properly,253,-12,G,1.00 kHz,1.00 Hz,0,313
Mon.May.02.2022 13:17:37.482,13,2.99065,MCU is reading properly,253,-12,G,1.00 kHz,1.00 Hz,0,313
Mon.May.02.2022 13:17:37.482,13,2.99065,MCU is reading properly,253,-12,G,1.00 kHz,1.00 Hz,0,313
Mon.May.02.2022 13:17:37.482,13,2.99065,MCU is reading properly,253,-12,G,1.00 kHz,1.00 Hz,0,313
Mon.May.02.2022 13:17:37.497,13,2.9558,MCU is reading properly,253,-12,G,1.00 kHz,1.00 Hz,0,314
Mon.May.02.2022 13:17:37.497,13,2.92078,MCU is reading properly,253,-12,G,1.00 kHz,1.00 Hz,0,314
Mon.May.02.2022 13:17:37.613,13,2.88574,MCU is reading properly,253,-12,G,1.00 kHz,1.00 Hz,0,315
Mon.May.02.2022 13:17:37.613,13,2.85071,MCU is reading properly,253,-12,G,1.00 kHz,1.00 Hz,0,315
Mon.May.02.2022 13:17:37.613,13,2.81575,MCU is reading properly,253,-12,G,1.00 kHz,1.00 Hz,0,315
Mon.May.02.2022 13:17:37.613,13,2.7809,MCU is reading properly,253,-12,G,1.00 kHz,1.00 Hz,0,315
Mon.May.02.2022 13:17:37.613,13,2.74621,MCU is reading properly,253,-12,G,1.00 kHz,1.00 Hz,0,315
Mon.May.02.2022 13:17:37.629,13,2.71182,MCU is reading properly,253,-12,G,1.00 kHz,1.00 Hz,0,316
Mon.May.02.2022 13:17:37.629,13,2.67757,MCU is reading properly,253,-12,G,1.00 kHz,1.00 Hz,0,316
Mon.May.02.2022 13:17:37.629,13,2.64361,MCU is reading properly,253,-12,G,1.00 kHz,1.00 Hz,0,316
Mon.May.02.2022 13:17:37.776,13,2.64361,MCU is reading properly,253,-12,G,1.00 kHz,1.00 Hz,0,317
Mon.May.02.2022 13:17:37.776,13,2.60998,MCU is reading properly,253,-12,G,1.00 kHz,1.00 Hz,0,317
Mon.May.02.2022 13:17:37.782,13,2.57673,MCU is reading properly,253,-12,G,1.00 kHz,1.00 Hz,0,317
Mon.May.02.2022 13:17:37.782,13,2.5439,MCU is reading properly,253,-12,G,1.00 kHz,1.00 Hz,0,317
Mon.May.02.2022 13:17:37.782,13,2.51161,MCU is reading properly,253,-12,G,1.00 kHz,1.00 Hz,0,317
Mon.May.02.2022 13:17:37.782,13,2.47991,MCU is reading properly,253,-12,G,1.00 kHz,1.00 Hz,0,317
Mon.May.02.2022 13:17:37.782,13,2.44866,MCU is reading properly,253,-12,G,1.00 kHz,1.00 Hz,0,317
Mon.May.02.2022 13:17:37.798,13,2.41797,MCU is reading properly,253,-12,G,1.00 kHz,1.00 Hz,0,318
Mon.May.02.2022 13:17:37.798,13,2.38789,MCU is reading properly,253,-12,G,1.00 kHz,1.00 Hz,0,318
Mon.May.02.2022 13:17:37.798,13,2.35846,MCU is reading properly,253,-12,G,1.00 kHz,1.00 Hz,0,318
Mon.May.02.2022 13:17:37.814,13,2.32971,MCU is reading properly,253,-12,G,1.00 kHz,1.00 Hz,0,319
Mon.May.02.2022 13:17:37.929,13,2.32971,MCU is reading properly,253,-12,G,1.00 kHz,1.00 Hz,0,320
Mon.May.02.2022 13:17:37.929,13,2.32971,MCU is reading properly,253,-12,G,1.00 kHz,1.00 Hz,0,320
Mon.May.02.2022 13:17:37.929,13,2.30168,MCU is reading properly,253,-12,G,1.00 kHz,1.00 Hz,0,320
Mon.May.02.2022 13:17:37.929,13,2.27439,MCU is reading properly,253,-12,G,1.00 kHz,1.00 Hz,0,320
Mon.May.02.2022 13:17:37.946,13,2.24795,MCU is reading properly,253,-12,G,1.00 kHz,1.00 Hz,0,321
Mon.May.02.2022 13:17:37.946,13,2.22225,MCU is reading properly,253,-12,G,1.00 kHz,1.00 Hz,0,321
Mon.May.02.2022 13:17:37.946,13,2.19738,MCU is reading properly,253,-12,G,1.00 kHz,1.00 Hz,0,321
Mon.May.02.2022 13:17:37.946,13,2.17345,MCU is reading properly,253,-12,G,1.00 kHz,1.00 Hz,0,321
Mon.May.02.2022 13:17:37.946,13,2.15041,MCU is reading properly,253,-12,G,1.00 kHz,1.00 Hz,0,321
Mon.May.02.2022 13:17:37.962,13,2.12828,MCU is reading properly,253,-12,G,1.00 kHz,1.00 Hz,0,322
Mon.May.02.2022 13:17:37.962,13,2.10714,MCU is reading properly,253,-12,G,1.00 kHz,1.00 Hz,0,322
Mon.May.02.2022 13:17:38.098,13,2.0869,MCU is reading properly,253,-12,G,1.00 kHz,0.98 Hz,0,323
Mon.May.02.2022 13:17:38.098,13,2.0869,MCU is reading properly,253,-12,G,1.00 kHz,0.98 Hz,0,323
Mon.May.02.2022 13:17:38.098,13,2.06757,MCU is reading properly,253,-12,G,1.00 kHz,0.98 Hz,0,323
Mon.May.02.2022 13:17:38.098,13,2.0493,MCU is reading properly,253,-12,G,1.00 kHz,0.98 Hz,0,323
Mon.May.02.2022 13:17:38.114,13,2.03204,MCU is reading properly,253,-12,G,1.00 kHz,0.98 Hz,0,324
Mon.May.02.2022 13:17:38.114,13,2.01581,MCU is reading properly,253,-12,G,1.00 kHz,0.98 Hz,0,324
Mon.May.02.2022 13:17:38.114,13,2.00048,MCU is reading properly,253,-12,G,1.00 kHz,0.98 Hz,0,324
Mon.May.02.2022 13:17:38.114,13,1.98599,MCU is reading properly,253,-12,G,1.00 kHz,0.98 Hz,0,324
Mon.May.02.2022 13:17:38.130,13,1.97261,MCU is reading properly,253,-12,G,1.00 kHz,0.98 Hz,0,325
Mon.May.02.2022 13:17:38.130,13,1.9604,MCU is reading properly,253,-12,G,1.00 kHz,0.98 Hz,0,325
Mon.May.02.2022 13:17:38.130,13,1.94933,MCU is reading properly,253,-12,G,1.00 kHz,0.98 Hz,0,325
Mon.May.02.2022 13:17:38.262,13,1.93944,MCU is reading properly,253,-12,G,1.00 kHz,0.98 Hz,0,326
Mon.May.02.2022 13:17:38.262,13,1.93944,MCU is reading properly,253,-12,G,1.00 kHz,0.98 Hz,0,326
Mon.May.02.2022 13:17:38.262,13,1.93944,MCU is reading properly,253,-12,G,1.00 kHz,0.98 Hz,0,326
Mon.May.02.2022 13:17:38.262,13,1.93066,MCU is reading properly,253,-12,G,1.00 kHz,0.98 Hz,0,326
Mon.May.02.2022 13:17:38.262,13,1.92299,MCU is reading properly,253,-12,G,1.00 kHz,0.98 Hz,0,326
Mon.May.02.2022 13:17:38.278,13,1.91647,MCU is reading properly,253,-12,G,1.00 kHz,0.98 Hz,0,327
Mon.May.02.2022 13:17:38.284,13,1.9111,MCU is reading properly,253,-12,G,1.00 kHz,0.98 Hz,0,327
Mon.May.02.2022 13:17:38.284,13,1.90686,MCU is reading properly,253,-12,G,1.00 kHz,0.98 Hz,0,327
Mon.May.02.2022 13:17:38.284,13,1.90374,MCU is reading properly,253,-12,G,1.00 kHz,0.98 Hz,0,327
Mon.May.02.2022 13:17:38.284,13,1.90174,MCU is reading properly,253,-12,G,1.00 kHz,0.98 Hz,0,327
Mon.May.02.2022 13:17:38.284,13,1.90085,MCU is reading properly,253,-12,G,1.00 kHz,0.98 Hz,0,327
Mon.May.02.2022 13:17:38.299,13,1.90105,MCU is reading properly,253,-12,G,1.00 kHz,0.98 Hz,0,328
Mon.May.02.2022 13:17:38.415,13,1.90233,MCU is reading properly,253,-12,G,1.00 kHz,0.98 Hz,0,329
Mon.May.02.2022 13:17:38.415,13,1.90233,MCU is reading properly,253,-12,G,1.00 kHz,0.98 Hz,0,329
Mon.May.02.2022 13:17:38.415,13,1.90466,MCU is reading properly,253,-12,G,1.00 kHz,0.98 Hz,0,329
Mon.May.02.2022 13:17:38.415,13,1.90798,MCU is reading properly,253,-12,G,1.00 kHz,0.98 Hz,0,329
Mon.May.02.2022 13:17:38.431,13,1.91226,MCU is reading properly,253,-12,G,1.00 kHz,0.98 Hz,0,330
Mon.May.02.2022 13:17:38.431,13,1.91751,MCU is reading properly,253,-12,G,1.00 kHz,0.98 Hz,0,330
Mon.May.02.2022 13:17:38.431,13,1.9237,MCU is reading properly,253,-12,G,1.00 kHz,0.98 Hz,0,330
Mon.May.02.2022 13:17:38.431,13,1.93082,MCU is reading properly,253,-12,G,1.00 kHz,0.98 Hz,0,330
Mon.May.02.2022 13:17:38.446,13,1.93883,MCU is reading properly,253,-12,G,1.00 kHz,0.98 Hz,0,331
Mon.May.02.2022 13:17:38.446,13,1.94771,MCU is reading properly,253,-12,G,1.00 kHz,0.98 Hz,0,331
Mon.May.02.2022 13:17:38.446,13,1.9575,MCU is reading properly,253,-12,G,1.00 kHz,0.98 Hz,0,331
Mon.May.02.2022 13:17:38.578,13,1.96831,MCU is reading properly,253,-12,G,1.00 kHz,0.98 Hz,0,332
Mon.May.02.2022 13:17:38.578,13,1.96831,MCU is reading properly,253,-12,G,1.00 kHz,0.98 Hz,0,332
Mon.May.02.2022 13:17:38.584,13,1.96831,MCU is reading properly,253,-12,G,1.00 kHz,0.98 Hz,0,332
Mon.May.02.2022 13:17:38.584,13,1.97991,MCU is reading properly,253,-12,G,1.00 kHz,0.98 Hz,0,332
Mon.May.02.2022 13:17:38.584,13,1.99233,MCU is reading properly,253,-12,G,1.00 kHz,0.98 Hz,0,332
Mon.May.02.2022 13:17:38.584,13,2.00552,MCU is reading properly,253,-12,G,1.00 kHz,0.98 Hz,0,332
Mon.May.02.2022 13:17:38.584,13,2.01946,MCU is reading properly,253,-12,G,1.00 kHz,0.98 Hz,0,332
Mon.May.02.2022 13:17:38.600,13,2.03414,MCU is reading properly,253,-12,G,1.00 kHz,0.98 Hz,0,333
Mon.May.02.2022 13:17:38.600,13,2.04946,MCU is reading properly,253,-12,G,1.00 kHz,0.98 Hz,0,333
Mon.May.02.2022 13:17:38.600,13,2.0654,MCU is reading properly,253,-12,G,1.00 kHz,0.98 Hz,0,333
Mon.May.02.2022 13:17:38.616,13,2.0819,MCU is reading properly,253,-12,G,1.00 kHz,0.98 Hz,0,334
Mon.May.02.2022 13:17:38.733,13,2.09893,MCU is reading properly,253,-12,G,1.00 kHz,0.98 Hz,0,335
Mon.May.02.2022 13:17:38.733,13,2.11644,MCU is reading properly,253,-12,G,1.00 kHz,0.98 Hz,0,335
Mon.May.02.2022 13:17:38.733,13,2.11644,MCU is reading properly,253,-12,G,1.00 kHz,0.98 Hz,0,335
Mon.May.02.2022 13:17:38.733,13,2.13439,MCU is reading properly,253,-12,G,1.00 kHz,0.98 Hz,0,335
Mon.May.02.2022 13:17:38.733,13,2.15272,MCU is reading properly,253,-12,G,1.00 kHz,0.98 Hz,0,335
Mon.May.02.2022 13:17:38.748,13,2.1714,MCU is reading properly,253,-12,G,1.00 kHz,0.98 Hz,0,336
Mon.May.02.2022 13:17:38.748,13,2.19037,MCU is reading properly,253,-12,G,1.00 kHz,0.98 Hz,0,336
Mon.May.02.2022 13:17:38.748,13,2.20958,MCU is reading properly,253,-12,G,1.00 kHz,0.98 Hz,0,336
Mon.May.02.2022 13:17:38.748,13,2.229,MCU is reading properly,253,-12,G,1.00 kHz,0.98 Hz,0,336
Mon.May.02.2022 13:17:38.764,13,2.24856,MCU is reading properly,253,-12,G,1.00 kHz,0.98 Hz,0,337
Mon.May.02.2022 13:17:38.764,13,2.26815,MCU is reading properly,253,-12,G,1.00 kHz,0.98 Hz,0,337
Mon.May.02.2022 13:17:38.878,13,2.28784,MCU is reading properly,253,-12,G,1.00 kHz,0.98 Hz,0,338
Mon.May.02.2022 13:17:38.878,13,2.30753,MCU is reading properly,253,-12,G,1.00 kHz,0.98 Hz,0,338
Mon.May.02.2022 13:17:38.885,13,2.30753,MCU is reading properly,253,-12,G,1.00 kHz,0.98 Hz,0,338
Mon.May.02.2022 13:17:38.885,13,2.30753,MCU is reading properly,253,-12,G,1.00 kHz,0.98 Hz,0,338
Mon.May.02.2022 13:17:38.885,13,2.3271,MCU is reading properly,253,-12,G,1.00 kHz,0.98 Hz,0,338
Mon.May.02.2022 13:17:38.885,13,2.34662,MCU is reading properly,253,-12,G,1.00 kHz,0.98 Hz,0,338
Mon.May.02.2022 13:17:38.885,13,2.36597,MCU is reading properly,253,-12,G,1.00 kHz,0.98 Hz,0,338
Mon.May.02.2022 13:17:38.900,13,2.3851,MCU is reading properly,253,-12,G,1.00 kHz,0.98 Hz,0,339
Mon.May.02.2022 13:17:38.900,13,2.40391,MCU is reading properly,253,-12,G,1.00 kHz,0.98 Hz,0,339
Mon.May.02.2022 13:17:38.900,13,2.4224,MCU is reading properly,253,-12,G,1.00 kHz,0.98 Hz,0,339
Mon.May.02.2022 13:17:38.916,13,2.44058,MCU is reading properly,253,-12,G,1.00 kHz,0.98 Hz,0,340
Mon.May.02.2022 13:17:39.047,13,2.45827,MCU is reading properly,253,-12,G,1.00 kHz,1.02 Hz,0,341
Mon.May.02.2022 13:17:39.047,13,2.47548,MCU is reading properly,253,-12,G,1.00 kHz,1.02 Hz,0,341
Mon.May.02.2022 13:17:39.047,13,2.49218,MCU is reading properly,253,-12,G,1.00 kHz,1.02 Hz,0,341
Mon.May.02.2022 13:17:39.047,13,2.49218,MCU is reading properly,253,-12,G,1.00 kHz,1.02 Hz,0,341
Mon.May.02.2022 13:17:39.063,13,2.50833,MCU is reading properly,253,-12,G,1.00 kHz,1.02 Hz,0,342
Mon.May.02.2022 13:17:39.063,13,2.52382,MCU is reading properly,253,-12,G,1.00 kHz,1.02 Hz,0,342
Mon.May.02.2022 13:17:39.063,13,2.53862,MCU is reading properly,253,-12,G,1.00 kHz,1.02 Hz,0,342
Mon.May.02.2022 13:17:39.063,13,2.55266,MCU is reading properly,253,-12,G,1.00 kHz,1.02 Hz,0,342
Mon.May.02.2022 13:17:39.063,13,2.56566,MCU is reading properly,253,-12,G,1.00 kHz,1.02 Hz,0,342
Mon.May.02.2022 13:17:39.201,13,2.57792,MCU is reading properly,253,-12,G,1.00 kHz,1.02 Hz,0,343
Mon.May.02.2022 13:17:39.201,13,2.58934,MCU is reading properly,253,-12,G,1.00 kHz,1.02 Hz,0,343
Mon.May.02.2022 13:17:39.201,13,2.59988,MCU is reading properly,253,-12,G,1.00 kHz,1.02 Hz,0,343
Mon.May.02.2022 13:17:39.201,13,2.60948,MCU is reading properly,253,-12,G,1.00 kHz,1.02 Hz,0,343
Mon.May.02.2022 13:17:39.217,13,2.61815,MCU is reading properly,253,-12,G,1.00 kHz,1.02 Hz,0,344
Mon.May.02.2022 13:17:39.217,13,2.61815,MCU is reading properly,253,-12,G,1.00 kHz,1.02 Hz,0,344
Mon.May.02.2022 13:17:39.217,13,2.61815,MCU is reading properly,253,-12,G,1.00 kHz,1.02 Hz,0,344
Mon.May.02.2022 13:17:39.217,13,2.62582,MCU is reading properly,253,-12,G,1.00 kHz,1.02 Hz,0,344
Mon.May.02.2022 13:17:39.217,13,2.63241,MCU is reading properly,253,-12,G,1.00 kHz,1.02 Hz,0,344
Mon.May.02.2022 13:17:39.232,13,2.63797,MCU is reading properly,253,-12,G,1.00 kHz,1.02 Hz,0,345
Mon.May.02.2022 13:17:39.232,13,2.64241,MCU is reading properly,253,-12,G,1.00 kHz,1.02 Hz,0,345
Mon.May.02.2022 13:17:39.232,13,2.64571,MCU is reading properly,253,-12,G,1.00 kHz,1.02 Hz,0,345
Mon.May.02.2022 13:17:39.232,13,2.64782,MCU is reading properly,253,-12,G,1.00 kHz,1.02 Hz,0,345
Mon.May.02.2022 13:17:39.348,13,2.6487,MCU is reading properly,253,-12,G,1.00 kHz,1.02 Hz,0,346
Mon.May.02.2022 13:17:39.348,13,2.64835,MCU is reading properly,253,-12,G,1.00 kHz,1.02 Hz,0,346
Mon.May.02.2022 13:17:39.348,13,2.64672,MCU is reading properly,253,-12,G,1.00 kHz,1.02 Hz,0,346
Mon.May.02.2022 13:17:39.348,13,2.64379,MCU is reading properly,253,-12,G,1.00 kHz,1.02 Hz,0,346
Mon.May.02.2022 13:17:39.364,13,2.64379,MCU is reading properly,253,-12,G,1.00 kHz,1.02 Hz,0,347
Mon.May.02.2022 13:17:39.364,13,2.63953,MCU is reading properly,253,-12,G,1.00 kHz,1.02 Hz,0,347
Mon.May.02.2022 13:17:39.364,13,2.63392,MCU is reading properly,253,-12,G,1.00 kHz,1.02 Hz,0,347
Mon.May.02.2022 13:17:39.364,13,2.62693,MCU is reading properly,253,-12,G,1.00 kHz,1.02 Hz,0,347
Mon.May.02.2022 13:17:39.364,13,2.61854,MCU is reading properly,253,-12,G,1.00 kHz,1.02 Hz,0,347
Mon.May.02.2022 13:17:39.379,13,2.60872,MCU is reading properly,253,-12,G,1.00 kHz,1.02 Hz,0,348
Mon.May.02.2022 13:17:39.502,13,2.59746,MCU is reading properly,253,-12,G,1.00 kHz,1.02 Hz,0,349
Mon.May.02.2022 13:17:39.502,13,2.58474,MCU is reading properly,253,-12,G,1.00 kHz,1.02 Hz,0,349
Mon.May.02.2022 13:17:39.502,13,2.5705,MCU is reading properly,253,-12,G,1.00 kHz,1.02 Hz,0,349
Mon.May.02.2022 13:17:39.502,13,2.55481,MCU is reading properly,253,-12,G,1.00 kHz,1.02 Hz,0,349
Mon.May.02.2022 13:17:39.517,13,2.53724,MCU is reading properly,253,-12,G,1.00 kHz,1.02 Hz,0,350
Mon.May.02.2022 13:17:39.517,13,2.53724,MCU is reading properly,253,-12,G,1.00 kHz,1.02 Hz,0,350
Mon.May.02.2022 13:17:39.517,13,2.53724,MCU is reading properly,253,-12,G,1.00 kHz,1.02 Hz,0,350
Mon.May.02.2022 13:17:39.517,13,2.5181,MCU is reading properly,253,-12,G,1.00 kHz,1.02 Hz,0,350
Mon.May.02.2022 13:17:39.533,13,2.4973,MCU is reading properly,253,-12,G,1.00 kHz,1.02 Hz,0,351
Mon.May.02.2022 13:17:39.533,13,2.47483,MCU is reading properly,253,-12,G,1.00 kHz,1.02 Hz,0,351
Mon.May.02.2022 13:17:39.533,13,2.45089,MCU is reading properly,253,-12,G,1.00 kHz,1.02 Hz,0,351
Mon.May.02.2022 13:17:39.664,13,2.42535,MCU is reading properly,253,-12,G,1.00 kHz,1.02 Hz,0,352
Mon.May.02.2022 13:17:39.664,13,2.3982,MCU is reading properly,253,-12,G,1.00 kHz,1.02 Hz,0,352
Mon.May.02.2022 13:17:39.664,13,2.36945,MCU is reading properly,253,-12,G,1.00 kHz,1.02 Hz,0,352
Mon.May.02.2022 13:17:39.664,13,2.3391,MCU is reading properly,253,-12,G,1.00 kHz,1.02 Hz,0,352
Mon.May.02.2022 13:17:39.664,13,2.30715,MCU is reading properly,253,-12,G,1.00 kHz,1.02 Hz,0,352
Mon.May.02.2022 13:17:39.680,13,2.27362,MCU is reading properly,253,-12,G,1.00 kHz,1.02 Hz,0,353
Mon.May.02.2022 13:17:39.687,13,2.27362,MCU is reading properly,253,-12,G,1.00 kHz,1.02 Hz,0,353
Mon.May.02.2022 13:17:39.687,13,2.2385,MCU is reading properly,253,-12,G,1.00 kHz,1.02 Hz,0,353
Mon.May.02.2022 13:17:39.687,13,2.20181,MCU is reading properly,253,-12,G,1.00 kHz,1.02 Hz,0,353
Mon.May.02.2022 13:17:39.687,13,2.16357,MCU is reading properly,253,-12,G,1.00 kHz,1.02 Hz,0,353
Mon.May.02.2022 13:17:39.819,13,2.12366,MCU is reading properly,253,-12,G,1.00 kHz,1.02 Hz,0,354
Mon.May.02.2022 13:17:39.819,13,2.08234,MCU is reading properly,253,-12,G,1.00 kHz,1.02 Hz,0,354
Mon.May.02.2022 13:17:39.819,13,2.04042,MCU is reading properly,253,-12,G,1.00 kHz,1.02 Hz,0,354
Mon.May.02.2022 13:17:39.819,13,1.99706,MCU is reading properly,253,-12,G,1.00 kHz,1.02 Hz,0,354
Mon.May.02.2022 13:17:39.835,13,1.95244,MCU is reading properly,253,-12,G,1.00 kHz,1.02 Hz,0,355
Mon.May.02.2022 13:17:39.835,13,1.90645,MCU is reading properly,253,-12,G,1.00 kHz,1.02 Hz,0,355
Mon.May.02.2022 13:17:39.835,13,1.8591,MCU is reading properly,253,-12,G,1.00 kHz,1.02 Hz,0,355
Mon.May.02.2022 13:17:39.835,13,1.8591,MCU is reading properly,253,-12,G,1.00 kHz,1.02 Hz,0,355
Mon.May.02.2022 13:17:39.851,13,1.8591,MCU is reading properly,253,-12,G,1.00 kHz,1.02 Hz,0,356
Mon.May.02.2022 13:17:39.851,13,1.81043,MCU is reading properly,253,-12,G,1.00 kHz,1.02 Hz,0,356
Mon.May.02.2022 13:17:39.851,13,1.76047,MCU is reading properly,253,-12,G,1.00 kHz,1.02 Hz,0,356
Mon.May.02.2022 13:17:39.851,13,1.70908,MCU is reading properly,253,-12,G,1.00 kHz,1.02 Hz,0,356
Mon.May.02.2022 13:17:39.981,13,1.65645,MCU is reading properly,253,-12,G,1.00 kHz,1.00 Hz,0,357
Mon.May.02.2022 13:17:39.981,13,1.6026,MCU is reading properly,253,-12,G,1.00 kHz,1.00 Hz,0,357
Mon.May.02.2022 13:17:39.987,13,1.54758,MCU is reading properly,253,-12,G,1.00 kHz,1.00 Hz,0,357
Mon.May.02.2022 13:17:39.987,13,1.49142,MCU is reading properly,253,-12,G,1.00 kHz,1.00 Hz,0,357
Mon.May.02.2022 13:17:39.987,13,1.43433,MCU is reading properly,253,-12,G,1.00 kHz,1.00 Hz,0,357
Mon.May.02.2022 13:17:39.987,13,1.37582,MCU is reading properly,253,-12,G,1.00 kHz,1.00 Hz,0,357
Mon.May.02.2022 13:17:39.987,13,1.31628,MCU is reading properly,253,-12,G,1.00 kHz,1.00 Hz,0,357
Mon.May.02.2022 13:17:40.003,13,1.31628,MCU is reading properly,253,-12,G,1.00 kHz,1.00 Hz,0,358
Mon.May.02.2022 13:17:40.003,13,1.25575,MCU is reading properly,253,-12,G,1.00 kHz,1.00 Hz,0,358
Mon.May.02.2022 13:17:40.003,13,1.19408,MCU is reading properly,253,-12,G,1.00 kHz,1.00 Hz,0,358
Mon.May.02.2022 13:17:40.134,13,1.1315,MCU is reading properly,253,-12,G,1.00 kHz,1.00 Hz,0,359
Mon.May.02.2022 13:17:40.134,13,1.06806,MCU is reading properly,253,-12,G,1.00 kHz,1.00 Hz,0,359
Mon.May.02.2022 13:17:40.134,13,1.00399,MCU is reading properly,253,-12,G,1.00 kHz,1.00 Hz,0,359
Mon.May.02.2022 13:17:40.134,13,0.939157,MCU is reading properly,253,-12,G,1.00 kHz,1.00 Hz,0,359
Mon.May.02.2022 13:17:40.150,13,0.873404,MCU is reading properly,253,-12,G,1.00 kHz,1.00 Hz,0,360
Mon.May.02.2022 13:17:40.150,13,0.806971,MCU is reading properly,253,-12,G,1.00 kHz,1.00 Hz,0,360
Mon.May.02.2022 13:17:40.150,13,0.740119,MCU is reading properly,253,-12,G,1.00 kHz,1.00 Hz,0,360
Mon.May.02.2022 13:17:40.150,13,0.672697,MCU is reading properly,253,-12,G,1.00 kHz,1.00 Hz,0,360
Mon.May.02.2022 13:17:40.166,13,0.672697,MCU is reading properly,253,-12,G,1.00 kHz,1.00 Hz,0,361
Mon.May.02.2022 13:17:40.166,13,0.672697,MCU is reading properly,253,-12,G,1.00 kHz,1.00 Hz,0,361
Mon.May.02.2022 13:17:40.166,13,0.604755,MCU is reading properly,253,-12,G,1.00 kHz,1.00 Hz,0,361
Mon.May.02.2022 13:17:40.166,13,0.536754,MCU is reading properly,253,-12,G,1.00 kHz,1.00 Hz,0,361
Mon.May.02.2022 13:17:40.304,13,0.467931,MCU is reading properly,253,-12,G,1.00 kHz,1.00 Hz,0,362
Mon.May.02.2022 13:17:40.304,13,0.398538,MCU is reading properly,253,-12,G,1.00 kHz,1.00 Hz,0,362
Mon.May.02.2022 13:17:40.304,13,0.329043,MCU is reading properly,253,-12,G,1.00 kHz,1.00 Hz,0,362
Mon.May.02.2022 13:17:40.304,13,0.259078,MCU is reading properly,253,-12,G,1.00 kHz,1.00 Hz,0,362
Mon.May.02.2022 13:17:40.319,13,0.188914,MCU is reading properly,253,-12,G,1.00 kHz,1.00 Hz,0,363
Mon.May.02.2022 13:17:40.319,13,0.118814,MCU is reading properly,253,-12,G,1.00 kHz,1.00 Hz,0,363
Mon.May.02.2022 13:17:40.319,13,0.0484095,MCU is reading properly,253,-12,G,1.00 kHz,1.00 Hz,0,363
Mon.May.02.2022 13:17:40.319,13,-0.0218215,MCU is reading properly,253,-12,G,1.00 kHz,1.00 Hz,0,363
Mon.May.02.2022 13:17:40.319,13,-0.0218215,MCU is reading properly,253,-12,G,1.00 kHz,1.00 Hz,0,363
Mon.May.02.2022 13:17:40.335,13,-0.0918293,MCU is reading properly,253,-12,G,1.00 kHz,1.00 Hz,0,364
Mon.May.02.2022 13:17:40.466,13,-0.161761,MCU is reading properly,253,-12,G,1.00 kHz,1.00 Hz,0,365
Mon.May.02.2022 13:17:40.466,13,-0.231568,MCU is reading properly,253,-12,G,1.00 kHz,1.00 Hz,0,365
Mon.May.02.2022 13:17:40.466,13,-0.301201,MCU is reading properly,253,-12,G,1.00 kHz,1.00 Hz,0,365
Mon.May.02.2022 13:17:40.466,13,-0.370597,MCU is reading properly,253,-12,G,1.00 kHz,1.00 Hz,0,365
Mon.May.02.2022 13:17:40.482,13,-0.439706,MCU is reading properly,253,-12,G,1.00 kHz,1.00 Hz,0,366
Mon.May.02.2022 13:17:40.489,13,-0.50848,MCU is reading properly,253,-12,G,1.00 kHz,1.00 Hz,0,366
Mon.May.02.2022 13:17:40.489,13,-0.57686,MCU is reading properly,253,-12,G,1.00 kHz,1.00 Hz,0,366
Mon.May.02.2022 13:17:40.489,13,-0.644799,MCU is reading properly,253,-12,G,1.00 kHz,1.00 Hz,0,366
Mon.May.02.2022 13:17:40.489,13,-0.712239,MCU is reading properly,253,-12,G,1.00 kHz,1.00 Hz,0,366
Mon.May.02.2022 13:17:40.489,13,-0.712239,MCU is reading properly,253,-12,G,1.00 kHz,1.00 Hz,0,366
Mon.May.02.2022 13:17:40.504,13,-0.712239,MCU is reading properly,253,-12,G,1.00 kHz,1.00 Hz,0,367
Mon.May.02.2022 13:17:40.504,13,-0.779133,MCU is reading properly,253,-12,G,1.00 kHz,1.00 Hz,0,367
Mon.May.02.2022 13:17:40.620,13,-0.845434,MCU is reading properly,253,-12,G,1.00 kHz,1.00 Hz,0,368
Mon.May.02.2022 13:17:40.620,13,-0.911282,MCU is reading properly,253,-12,G,1.00 kHz,1.00 Hz,0,368
Mon.May.02.2022 13:17:40.620,13,-0.976236,MCU is reading properly,253,-12,G,1.00 kHz,1.00 Hz,0,368
Mon.May.02.2022 13:17:40.620,13,-1.04045,MCU is reading properly,253,-12,G,1.00 kHz,1.00 Hz,0,368
Mon.May.02.2022 13:17:40.636,13,-1.10387,MCU is reading properly,253,-12,G,1.00 kHz,1.00 Hz,0,369
Mon.May.02.2022 13:17:40.636,13,-1.16665,MCU is reading properly,253,-12,G,1.00 kHz,1.00 Hz,0,369
Mon.May.02.2022 13:17:40.636,13,-1.22854,MCU is reading properly,253,-12,G,1.00 kHz,1.00 Hz,0,369
Mon.May.02.2022 13:17:40.636,13,-1.28932,MCU is reading properly,253,-12,G,1.00 kHz,1.00 Hz,0,369
Mon.May.02.2022 13:17:40.651,13,-1.34913,MCU is reading properly,253,-12,G,1.00 kHz,1.00 Hz,0,370
Mon.May.02.2022 13:17:40.651,13,-1.34913,MCU is reading properly,253,-12,G,1.00 kHz,1.00 Hz,0,370
Mon.May.02.2022 13:17:40.651,13,-1.40793,MCU is reading properly,253,-12,G,1.00 kHz,1.00 Hz,0,370
Mon.May.02.2022 13:17:40.768,13,-1.46534,MCU is reading properly,253,-12,G,1.00 kHz,1.00 Hz,0,371
Mon.May.02.2022 13:17:40.768,13,-1.52167,MCU is reading properly,253,-12,G,1.00 kHz,1.00 Hz,0,371
Mon.May.02.2022 13:17:40.768,13,-1.5769,MCU is reading properly,253,-12,G,1.00 kHz,1.00 Hz,0,371
Mon.May.02.2022 13:17:40.768,13,-1.63097,MCU is reading properly,253,-12,G,1.00 kHz,1.00 Hz,0,371
Mon.May.02.2022 13:17:40.768,13,-1.68387,MCU is reading properly,253,-12,G,1.00 kHz,1.00 Hz,0,371
Mon.May.02.2022 13:17:40.784,13,-1.7354,MCU is reading properly,253,-12,G,1.00 kHz,1.00 Hz,0,372
Mon.May.02.2022 13:17:40.789,13,-1.78569,MCU is reading properly,253,-12,G,1.00 kHz,1.00 Hz,0,372
Mon.May.02.2022 13:17:40.789,13,-1.83472,MCU is reading properly,253,-12,G,1.00 kHz,1.00 Hz,0,372
Mon.May.02.2022 13:17:40.789,13,-1.88259,MCU is reading properly,253,-12,G,1.00 kHz,1.00 Hz,0,372
Mon.May.02.2022 13:17:40.789,13,-1.88259,MCU is reading properly,253,-12,G,1.00 kHz,1.00 Hz,0,372
Mon.May.02.2022 13:17:40.937,13,-1.88259,MCU is reading properly,253,-12,G,1.00 kHz,1.00 Hz,0,373
Mon.May.02.2022 13:17:40.937,13,-1.929,MCU is reading properly,253,-12,G,1.00 kHz,1.00 Hz,0,373
Mon.May.02.2022 13:17:40.937,13,-1.97419,MCU is reading properly,253,-12,G,1.00 kHz,1.00 Hz,0,373
Mon.May.02.2022 13:17:40.937,13,-2.01788,MCU is reading properly,253,-12,G,1.00 kHz,1.00 Hz,0,373
Mon.May.02.2022 13:17:40.953,13,-2.06018,MCU is reading properly,253,-12,G,1.00 kHz,1.00 Hz,0,374
Mon.May.02.2022 13:17:40.953,13,-2.10168,MCU is reading properly,253,-12,G,1.00 kHz,1.00 Hz,0,374
Mon.May.02.2022 13:17:40.953,13,-2.14205,MCU is reading properly,253,-12,G,1.00 kHz,1.00 Hz,0,374
Mon.May.02.2022 13:17:40.953,13,-2.18092,MCU is reading properly,253,-12,G,1.00 kHz,1.00 Hz,0,374
Mon.May.02.2022 13:17:40.968,13,-2.21825,MCU is reading properly,253,-12,G,1.00 kHz,1.00 Hz,0,375
Mon.May.02.2022 13:17:40.968,13,-2.25404,MCU is reading properly,253,-12,G,1.00 kHz,1.00 Hz,0,375
Mon.May.02.2022 13:17:41.083,13,-2.28827,MCU is reading properly,253,-12,G,1.00 kHz,0.98 Hz,0,376
Mon.May.02.2022 13:17:41.083,13,-2.28827,MCU is reading properly,253,-12,G,1.00 kHz,0.98 Hz,0,376
Mon.May.02.2022 13:17:41.090,13,-2.32084,MCU is reading properly,253,-12,G,1.00 kHz,0.98 Hz,0,376
Mon.May.02.2022 13:17:41.090,13,-2.35193,MCU is reading properly,253,-12,G,1.00 kHz,0.98 Hz,0,376
Mon.May.02.2022 13:17:41.090,13,-2.38145,MCU is reading properly,253,-12,G,1.00 kHz,0.98 Hz,0,376
Mon.May.02.2022 13:17:41.090,13,-2.40938,MCU is reading properly,253,-12,G,1.00 kHz,0.98 Hz,0,376
Mon.May.02.2022 13:17:41.090,13,-2.43573,MCU is reading properly,253,-12,G,1.00 kHz,0.98 Hz,0,376
Mon.May.02.2022 13:17:41.105,13,-2.46049,MCU is reading properly,253,-12,G,1.00 kHz,0.98 Hz,0,377
Mon.May.02.2022 13:17:41.105,13,-2.48373,MCU is reading properly,253,-12,G,1.00 kHz,0.98 Hz,0,377
Mon.May.02.2022 13:17:41.105,13,-2.50533,MCU is reading properly,253,-12,G,1.00 kHz,0.98 Hz,0,377
Mon.May.02.2022 13:17:41.105,13,-2.52541,MCU is reading properly,253,-12,G,1.00 kHz,0.98 Hz,0,377
Mon.May.02.2022 13:17:41.237,13,-2.54376,MCU is reading properly,253,-12,G,1.00 kHz,0.98 Hz,0,378
Mon.May.02.2022 13:17:41.237,13,-2.54376,MCU is reading properly,253,-12,G,1.00 kHz,0.98 Hz,0,378
Mon.May.02.2022 13:17:41.237,13,-2.54376,MCU is reading properly,253,-12,G,1.00 kHz,0.98 Hz,0,378
Mon.May.02.2022 13:17:41.237,13,-2.56052,MCU is reading properly,253,-12,G,1.00 kHz,0.98 Hz,0,378
Mon.May.02.2022 13:17:41.253,13,-2.5756,MCU is reading properly,253,-12,G,1.00 kHz,0.98 Hz,0,379
Mon.May.02.2022 13:17:41.253,13,-2.58924,MCU is reading properly,253,-12,G,1.00 kHz,0.98 Hz,0,379
Mon.May.02.2022 13:17:41.253,13,-2.60139,MCU is reading properly,253,-12,G,1.00 kHz,0.98 Hz,0,379
Mon.May.02.2022 13:17:41.253,13,-2.61211,MCU is reading properly,253,-12,G,1.00 kHz,0.98 Hz,0,379
Mon.May.02.2022 13:17:41.268,13,-2.6214,MCU is reading properly,253,-12,G,1.00 kHz,0.98 Hz,0,379
Mon.May.02.2022 13:17:41.268,13,-2.62927,MCU is reading properly,253,-12,G,1.00 kHz,0.98 Hz,0,380
Mon.May.02.2022 13:17:41.268,13,-2.6358,MCU is reading properly,253,-12,G,1.00 kHz,0.98 Hz,0,380
Mon.May.02.2022 13:17:41.401,13,-2.64098,MCU is reading properly,253,-12,G,1.00 kHz,0.98 Hz,0,381
Mon.May.02.2022 13:17:41.403,13,-2.64481,MCU is reading properly,253,-12,G,1.00 kHz,0.98 Hz,0,381
Mon.May.02.2022 13:17:41.403,13,-2.64481,MCU is reading properly,253,-12,G,1.00 kHz,0.98 Hz,0,381
Mon.May.02.2022 13:17:41.413,13,-2.64733,MCU is reading properly,253,-12,G,1.00 kHz,0.98 Hz,0,381
Mon.May.02.2022 13:17:41.413,13,-2.64858,MCU is reading properly,253,-12,G,1.00 kHz,0.98 Hz,0,382
Mon.May.02.2022 13:17:41.421,13,-2.64858,MCU is reading properly,253,-12,G,1.00 kHz,0.98 Hz,0,382
Mon.May.02.2022 13:17:41.421,13,-2.64735,MCU is reading properly,253,-12,G,1.00 kHz,0.98 Hz,0,382
Mon.May.02.2022 13:17:41.421,13,-2.64493,MCU is reading properly,253,-12,G,1.00 kHz,0.98 Hz,0,382
Mon.May.02.2022 13:17:41.431,13,-2.64135,MCU is reading properly,253,-12,G,1.00 kHz,0.98 Hz,0,383
Mon.May.02.2022 13:17:41.431,13,-2.63663,MCU is reading properly,253,-12,G,1.00 kHz,0.98 Hz,0,383
Mon.May.02.2022 13:17:41.563,13,-2.63083,MCU is reading properly,253,-12,G,1.00 kHz,0.98 Hz,0,384
Mon.May.02.2022 13:17:41.563,13,-2.62397,MCU is reading properly,253,-12,G,1.00 kHz,0.98 Hz,0,384
Mon.May.02.2022 13:17:41.563,13,-2.6161,MCU is reading properly,253,-12,G,1.00 kHz,0.98 Hz,0,384
Mon.May.02.2022 13:17:41.563,13,-2.6161,MCU is reading properly,253,-12,G,1.00 kHz,0.98 Hz,0,384
Mon.May.02.2022 13:17:41.580,13,-2.6161,MCU is reading properly,253,-12,G,1.00 kHz,0.98 Hz,0,385
Mon.May.02.2022 13:17:41.580,13,-2.60727,MCU is reading properly,253,-12,G,1.00 kHz,0.98 Hz,0,385
Mon.May.02.2022 13:17:41.580,13,-2.59748,MCU is reading properly,253,-12,G,1.00 kHz,0.98 Hz,0,385
Mon.May.02.2022 13:17:41.580,13,-2.58679,MCU is reading properly,253,-12,G,1.00 kHz,0.98 Hz,0,385
Mon.May.02.2022 13:17:41.580,13,-2.57525,MCU is reading properly,253,-12,G,1.00 kHz,0.98 Hz,0,385
Mon.May.02.2022 13:17:41.596,13,-2.56293,MCU is reading properly,253,-12,G,1.00 kHz,0.98 Hz,0,386
Mon.May.02.2022 13:17:41.596,13,-2.54981,MCU is reading properly,253,-12,G,1.00 kHz,0.98 Hz,0,386
Mon.May.02.2022 13:17:41.596,13,-2.53566,MCU is reading properly,253,-12,G,1.00 kHz,0.98 Hz,0,386
Mon.May.02.2022 13:17:41.710,13,-2.5208,MCU is reading properly,253,-12,G,1.00 kHz,0.98 Hz,0,387
Mon.May.02.2022 13:17:41.710,13,-2.50529,MCU is reading properly,253,-12,G,1.00 kHz,0.98 Hz,0,387
Mon.May.02.2022 13:17:41.710,13,-2.48915,MCU is reading properly,253,-12,G,1.00 kHz,0.98 Hz,0,387
Mon.May.02.2022 13:17:41.710,13,-2.48915,MCU is reading properly,253,-12,G,1.00 kHz,0.98 Hz,0,387
Mon.May.02.2022 13:17:41.725,13,-2.47246,MCU is reading properly,253,-12,G,1.00 kHz,0.98 Hz,0,388
Mon.May.02.2022 13:17:41.725,13,-2.45526,MCU is reading properly,253,-12,G,1.00 kHz,0.98 Hz,0,388
Mon.May.02.2022 13:17:41.732,13,-2.4376,MCU is reading properly,253,-12,G,1.00 kHz,0.98 Hz,0,388
Mon.May.02.2022 13:17:41.732,13,-2.41952,MCU is reading properly,253,-12,G,1.00 kHz,0.98 Hz,0,388
Mon.May.02.2022 13:17:41.732,13,-2.40103,MCU is reading properly,253,-12,G,1.00 kHz,0.98 Hz,0,388
Mon.May.02.2022 13:17:41.732,13,-2.38229,MCU is reading properly,253,-12,G,1.00 kHz,0.98 Hz,0,388
Mon.May.02.2022 13:17:41.863,13,-2.36329,MCU is reading properly,253,-12,G,1.00 kHz,0.98 Hz,0,389
Mon.May.02.2022 13:17:41.863,13,-2.34403,MCU is reading properly,253,-12,G,1.00 kHz,0.98 Hz,0,389
Mon.May.02.2022 13:17:41.863,13,-2.32467,MCU is reading properly,253,-12,G,1.00 kHz,0.98 Hz,0,389
Mon.May.02.2022 13:17:41.863,13,-2.3052,MCU is reading properly,253,-12,G,1.00 kHz,0.98 Hz,0,389
Mon.May.02.2022 13:17:41.879,13,-2.3052,MCU is reading properly,253,-12,G,1.00 kHz,0.98 Hz,0,390
Mon.May.02.2022 13:17:41.879,13,-2.3052,MCU is reading properly,253,-12,G,1.00 kHz,0.98 Hz,0,390
Mon.May.02.2022 13:17:41.879,13,-2.28568,MCU is reading properly,253,-12,G,1.00 kHz,0.98 Hz,0,390
Mon.May.02.2022 13:17:41.879,13,-2.2661,MCU is reading properly,253,-12,G,1.00 kHz,0.98 Hz,0,390
Mon.May.02.2022 13:17:41.879,13,-2.24663,MCU is reading properly,253,-12,G,1.00 kHz,0.98 Hz,0,390
Mon.May.02.2022 13:17:41.894,13,-2.22726,MCU is reading properly,253,-12,G,1.00 kHz,0.98 Hz,0,391
Mon.May.02.2022 13:17:41.894,13,-2.20803,MCU is reading properly,253,-12,G,1.00 kHz,0.98 Hz,0,391
Mon.May.02.2022 13:17:42.026,13,-2.189,MCU is reading properly,253,-12,G,1.00 kHz,1.03 Hz,0,392
Mon.May.02.2022 13:17:42.032,13,-2.17021,MCU is reading properly,253,-12,G,1.00 kHz,1.03 Hz,0,392
Mon.May.02.2022 13:17:42.032,13,-2.15172,MCU is reading properly,253,-12,G,1.00 kHz,1.03 Hz,0,392
Mon.May.02.2022 13:17:42.032,13,-2.13356,MCU is reading properly,253,-12,G,1.00 kHz,1.03 Hz,0,392
Mon.May.02.2022 13:17:42.032,13,-2.11579,MCU is reading properly,253,-12,G,1.00 kHz,1.03 Hz,0,392
Mon.May.02.2022 13:17:42.032,13,-2.11579,MCU is reading properly,253,-12,G,1.00 kHz,1.03 Hz,0,392
Mon.May.02.2022 13:17:42.048,13,-2.09845,MCU is reading properly,253,-12,G,1.00 kHz,1.03 Hz,0,393
Mon.May.02.2022 13:17:42.048,13,-2.08158,MCU is reading properly,253,-12,G,1.00 kHz,1.03 Hz,0,393
Mon.May.02.2022 13:17:42.048,13,-2.06523,MCU is reading properly,253,-12,G,1.00 kHz,1.03 Hz,0,393
Mon.May.02.2022 13:17:42.048,13,-2.04944,MCU is reading properly,253,-12,G,1.00 kHz,1.03 Hz,0,393
Mon.May.02.2022 13:17:42.179,13,-2.03424,MCU is reading properly,253,-12,G,1.00 kHz,1.03 Hz,0,394
Mon.May.02.2022 13:17:42.179,13,-2.01969,MCU is reading properly,253,-12,G,1.00 kHz,1.03 Hz,0,394
Mon.May.02.2022 13:17:42.179,13,-2.00581,MCU is reading properly,253,-12,G,1.00 kHz,1.03 Hz,0,394
Mon.May.02.2022 13:17:42.179,13,-1.99269,MCU is reading properly,253,-12,G,1.00 kHz,1.03 Hz,0,394
Mon.May.02.2022 13:17:42.179,13,-1.98032,MCU is reading properly,253,-12,G,1.00 kHz,1.03 Hz,0,394
Mon.May.02.2022 13:17:42.195,13,-1.96872,MCU is reading properly,253,-12,G,1.00 kHz,1.03 Hz,0,395
Mon.May.02.2022 13:17:42.195,13,-1.96872,MCU is reading properly,253,-12,G,1.00 kHz,1.03 Hz,0,395
Mon.May.02.2022 13:17:42.195,13,-1.96872,MCU is reading properly,253,-12,G,1.00 kHz,1.03 Hz,0,395
Mon.May.02.2022 13:17:42.195,13,-1.95803,MCU is reading properly,253,-12,G,1.00 kHz,1.03 Hz,0,395
Mon.May.02.2022 13:17:42.210,13,-1.94826,MCU is reading properly,253,-12,G,1.00 kHz,1.03 Hz,0,396
Mon.May.02.2022 13:17:42.210,13,-1.93937,MCU is reading properly,253,-12,G,1.00 kHz,1.03 Hz,0,396
Mon.May.02.2022 13:17:42.210,13,-1.93135,MCU is reading properly,253,-12,G,1.00 kHz,1.03 Hz,0,396
Mon.May.02.2022 13:17:42.348,13,-1.9242,MCU is reading properly,253,-12,G,1.00 kHz,1.03 Hz,0,397
Mon.May.02.2022 13:17:42.348,13,-1.91795,MCU is reading properly,253,-12,G,1.00 kHz,1.03 Hz,0,397
Mon.May.02.2022 13:17:42.348,13,-1.91264,MCU is reading properly,253,-12,G,1.00 kHz,1.03 Hz,0,397
Mon.May.02.2022 13:17:42.348,13,-1.90829,MCU is reading properly,253,-12,G,1.00 kHz,1.03 Hz,0,397
Mon.May.02.2022 13:17:42.348,13,-1.90493,MCU is reading properly,253,-12,G,1.00 kHz,1.03 Hz,0,397
Mon.May.02.2022 13:17:42.364,13,-1.90251,MCU is reading properly,253,-12,G,1.00 kHz,1.03 Hz,0,398
Mon.May.02.2022 13:17:42.364,13,-1.90251,MCU is reading properly,253,-12,G,1.00 kHz,1.03 Hz,0,398
Mon.May.02.2022 13:17:42.364,13,-1.90113,MCU is reading properly,253,-12,G,1.00 kHz,1.03 Hz,0,398
Mon.May.02.2022 13:17:42.364,13,-1.90082,MCU is reading properly,253,-12,G,1.00 kHz,1.03 Hz,0,398
Mon.May.02.2022 13:17:42.379,13,-1.90159,MCU is reading properly,253,-12,G,1.00 kHz,1.03 Hz,0,399
Mon.May.02.2022 13:17:42.511,13,-1.90345,MCU is reading properly,253,-12,G,1.00 kHz,1.03 Hz,0,400
Mon.May.02.2022 13:17:42.511,13,-1.90642,MCU is reading properly,253,-12,G,1.00 kHz,1.03 Hz,0,400
Mon.May.02.2022 13:17:42.511,13,-1.91049,MCU is reading properly,253,-12,G,1.00 kHz,1.03 Hz,0,400
Mon.May.02.2022 13:17:42.511,13,-1.91568,MCU is reading properly,253,-12,G,1.00 kHz,1.03 Hz,0,400
Mon.May.02.2022 13:17:42.526,13,-1.922,MCU is reading properly,253,-12,G,1.00 kHz,1.03 Hz,0,401
Mon.May.02.2022 13:17:42.533,13,-1.92943,MCU is reading properly,253,-12,G,1.00 kHz,1.03 Hz,0,401
Mon.May.02.2022 13:17:42.533,13,-1.93798,MCU is reading properly,253,-12,G,1.00 kHz,1.03 Hz,0,401
Mon.May.02.2022 13:17:42.533,13,-1.93798,MCU is reading properly,253,-12,G,1.00 kHz,1.03 Hz,0,401
Mon.May.02.2022 13:17:42.533,13,-1.93798,MCU is reading properly,253,-12,G,1.00 kHz,1.03 Hz,0,401
Mon.May.02.2022 13:17:42.533,13,-1.94766,MCU is reading properly,253,-12,G,1.00 kHz,1.03 Hz,0,401
Mon.May.02.2022 13:17:42.549,13,-1.95849,MCU is reading properly,253,-12,G,1.00 kHz,1.03 Hz,0,402
Mon.May.02.2022 13:17:42.549,13,-1.97044,MCU is reading properly,253,-12,G,1.00 kHz,1.03 Hz,0,402
Mon.May.02.2022 13:17:42.664,13,-1.9835,MCU is reading properly,253,-12,G,1.00 kHz,1.03 Hz,0,403
Mon.May.02.2022 13:17:42.664,13,-1.99767,MCU is reading properly,253,-12,G,1.00 kHz,1.03 Hz,0,403
Mon.May.02.2022 13:17:42.664,13,-2.01274,MCU is reading properly,253,-12,G,1.00 kHz,1.03 Hz,0,403
Mon.May.02.2022 13:17:42.664,13,-2.02867,MCU is reading properly,253,-12,G,1.00 kHz,1.03 Hz,0,403
Mon.May.02.2022 13:17:42.664,13,-2.04562,MCU is reading properly,253,-12,G,1.00 kHz,1.03 Hz,0,403
Mon.May.02.2022 13:17:42.680,13,-2.06357,MCU is reading properly,253,-12,G,1.00 kHz,1.03 Hz,0,404
Mon.May.02.2022 13:17:42.680,13,-2.08256,MCU is reading properly,253,-12,G,1.00 kHz,1.03 Hz,0,404
Mon.May.02.2022 13:17:42.680,13,-2.08256,MCU is reading properly,253,-12,G,1.00 kHz,1.03 Hz,0,404
Mon.May.02.2022 13:17:42.680,13,-2.10253,MCU is reading properly,253,-12,G,1.00 kHz,1.03 Hz,0,404
Mon.May.02.2022 13:17:42.696,13,-2.12346,MCU is reading properly,253,-12,G,1.00 kHz,1.03 Hz,0,405
Mon.May.02.2022 13:17:42.696,13,-2.14531,MCU is reading properly,253,-12,G,1.00 kHz,1.03 Hz,0,405
Mon.May.02.2022 13:17:42.827,13,-2.16808,MCU is reading properly,253,-12,G,1.00 kHz,1.03 Hz,0,406
Mon.May.02.2022 13:17:42.834,13,-2.19174,MCU is reading properly,253,-12,G,1.00 kHz,1.03 Hz,0,406
Mon.May.02.2022 13:17:42.834,13,-2.21633,MCU is reading properly,253,-12,G,1.00 kHz,1.03 Hz,0,406
Mon.May.02.2022 13:17:42.834,13,-2.24177,MCU is reading properly,253,-12,G,1.00 kHz,1.03 Hz,0,406
Mon.May.02.2022 13:17:42.834,13,-2.26801,MCU is reading properly,253,-12,G,1.00 kHz,1.03 Hz,0,406
Mon.May.02.2022 13:17:42.834,13,-2.29503,MCU is reading properly,253,-12,G,1.00 kHz,1.03 Hz,0,406
Mon.May.02.2022 13:17:42.849,13,-2.32289,MCU is reading properly,253,-12,G,1.00 kHz,1.03 Hz,0,407
Mon.May.02.2022 13:17:42.849,13,-2.32289,MCU is reading properly,253,-12,G,1.00 kHz,1.03 Hz,0,407
Mon.May.02.2022 13:17:42.849,13,-2.32289,MCU is reading properly,253,-12,G,1.00 kHz,1.03 Hz,0,407
Mon.May.02.2022 13:17:42.849,13,-2.35139,MCU is reading properly,253,-12,G,1.00 kHz,1.03 Hz,0,407
Mon.May.02.2022 13:17:42.865,13,-2.38066,MCU is reading properly,253,-12,G,1.00 kHz,1.03 Hz,0,408
Mon.May.02.2022 13:17:42.981,13,-2.41058,MCU is reading properly,253,-12,G,1.00 kHz,1.00 Hz,0,409
Mon.May.02.2022 13:17:42.981,13,-2.44112,MCU is reading properly,253,-12,G,1.00 kHz,1.00 Hz,0,409
Mon.May.02.2022 13:17:42.981,13,-2.47215,MCU is reading properly,253,-12,G,1.00 kHz,1.00 Hz,0,409
Mon.May.02.2022 13:17:42.981,13,-2.50371,MCU is reading properly,253,-12,G,1.00 kHz,1.00 Hz,0,409
Mon.May.02.2022 13:17:42.997,13,-2.53578,MCU is reading properly,253,-12,G,1.00 kHz,1.00 Hz,0,410
Mon.May.02.2022 13:17:42.997,13,-2.56841,MCU is reading properly,253,-12,G,1.00 kHz,1.00 Hz,0,410
Mon.May.02.2022 13:17:42.997,13,-2.60156,MCU is reading properly,253,-12,G,1.00 kHz,1.00 Hz,0,410
Mon.May.02.2022 13:17:42.997,13,-2.6351,MCU is reading properly,253,-12,G,1.00 kHz,1.00 Hz,0,410
Mon.May.02.2022 13:17:43.012,13,-2.6351,MCU is reading properly,253,-12,G,1.00 kHz,1.00 Hz,0,411
Mon.May.02.2022 13:17:43.012,13,-2.66888,MCU is reading properly,253,-12,G,1.00 kHz,1.00 Hz,0,411
Mon.May.02.2022 13:17:43.012,13,-2.70296,MCU is reading properly,253,-12,G,1.00 kHz,1.00 Hz,0,411
Mon.May.02.2022 13:17:43.128,13,-2.73729,MCU is reading properly,253,-12,G,1.00 kHz,1.00 Hz,0,412
Mon.May.02.2022 13:17:43.135,13,-2.77193,MCU is reading properly,253,-12,G,1.00 kHz,1.00 Hz,0,412
Mon.May.02.2022 13:17:43.135,13,-2.80664,MCU is reading properly,253,-12,G,1.00 kHz,1.00 Hz,0,412
Mon.May.02.2022 13:17:43.135,13,-2.84147,MCU is reading properly,253,-12,G,1.00 kHz,1.00 Hz,0,412
Mon.May.02.2022 13:17:43.135,13,-2.87638,MCU is reading properly,253,-12,G,1.00 kHz,1.00 Hz,0,412
Mon.May.02.2022 13:17:43.135,13,-2.91132,MCU is reading properly,253,-12,G,1.00 kHz,1.00 Hz,0,412
Mon.May.02.2022 13:17:43.150,13,-2.94625,MCU is reading properly,253,-12,G,1.00 kHz,1.00 Hz,0,413
Mon.May.02.2022 13:17:43.150,13,-2.94625,MCU is reading properly,253,-12,G,1.00 kHz,1.00 Hz,0,413
Mon.May.02.2022 13:17:43.150,13,-2.98112,MCU is reading properly,253,-12,G,1.00 kHz,1.00 Hz,0,413
Mon.May.02.2022 13:17:43.150,13,-2.98112,MCU is reading properly,253,-12,G,1.00 kHz,1.00 Hz,0,413
Mon.May.02.2022 13:17:43.166,13,-3.01557,MCU is reading properly,253,-12,G,1.00 kHz,1.00 Hz,0,414
Mon.May.02.2022 13:17:43.297,13,-3.05019,MCU is reading properly,253,-12,G,1.00 kHz,1.00 Hz,0,415
Mon.May.02.2022 13:17:43.297,13,-3.08461,MCU is reading properly,253,-12,G,1.00 kHz,1.00 Hz,0,415
Mon.May.02.2022 13:17:43.297,13,-3.11879,MCU is reading properly,253,-12,G,1.00 kHz,1.00 Hz,0,415
Mon.May.02.2022 13:17:43.297,13,-3.15269,MCU is reading properly,253,-12,G,1.00 kHz,1.00 Hz,0,415
Mon.May.02.2022 13:17:43.313,13,-3.18626,MCU is reading properly,253,-12,G,1.00 kHz,1.00 Hz,0,416
Mon.May.02.2022 13:17:43.313,13,-3.21945,MCU is reading properly,253,-12,G,1.00 kHz,1.00 Hz,0,416
Mon.May.02.2022 13:17:43.313,13,-3.25223,MCU is reading properly,253,-12,G,1.00 kHz,1.00 Hz,0,416
Mon.May.02.2022 13:17:43.313,13,-3.28455,MCU is reading properly,253,-12,G,1.00 kHz,1.00 Hz,0,416
Mon.May.02.2022 13:17:43.329,13,-3.31636,MCU is reading properly,253,-12,G,1.00 kHz,1.00 Hz,0,417
Mon.May.02.2022 13:17:43.335,13,-3.31636,MCU is reading properly,253,-12,G,1.00 kHz,1.00 Hz,0,417
Mon.May.02.2022 13:17:43.446,13,-3.34762,MCU is reading properly,253,-12,G,1.00 kHz,1.00 Hz,0,418
Mon.May.02.2022 13:17:43.452,13,-3.3783,MCU is reading properly,253,-12,G,1.00 kHz,1.00 Hz,0,418
Mon.May.02.2022 13:17:43.457,13,-3.40844,MCU is reading properly,253,-12,G,1.00 kHz,1.00 Hz,0,419
Mon.May.02.2022 13:17:43.461,13,-3.43781,MCU is reading properly,253,-12,G,1.00 kHz,1.00 Hz,0,419
Mon.May.02.2022 13:17:43.464,13,-3.46648,MCU is reading properly,253,-12,G,1.00 kHz,1.00 Hz,0,419
Mon.May.02.2022 13:17:43.470,13,-3.4944,MCU is reading properly,253,-12,G,1.00 kHz,1.00 Hz,0,420
Mon.May.02.2022 13:17:43.473,13,-3.52154,MCU is reading properly,253,-12,G,1.00 kHz,1.00 Hz,0,420
Mon.May.02.2022 13:17:43.477,13,-3.54785,MCU is reading properly,253,-12,G,1.00 kHz,1.00 Hz,0,420
Mon.May.02.2022 13:17:43.484,13,-3.57331,MCU is reading properly,253,-12,G,1.00 kHz,1.00 Hz,0,421
Mon.May.02.2022 13:17:43.488,13,-3.57331,MCU is reading properly,253,-12,G,1.00 kHz,1.00 Hz,0,421
Mon.May.02.2022 13:17:43.494,13,-3.5978,MCU is reading properly,253,-12,G,1.00 kHz,1.00 Hz,0,422
Mon.May.02.2022 13:17:43.498,13,-3.5978,MCU is reading properly,253,-12,G,1.00 kHz,1.00 Hz,0,422
Mon.May.02.2022 13:17:43.606,13,-3.62137,MCU is reading properly,253,-12,G,1.00 kHz,1.00 Hz,0,423
Mon.May.02.2022 13:17:43.610,13,-3.644,MCU is reading properly,253,-12,G,1.00 kHz,1.00 Hz,0,423
Mon.May.02.2022 13:17:43.613,13,-3.66558,MCU is reading properly,253,-12,G,1.00 kHz,1.00 Hz,0,423
Mon.May.02.2022 13:17:43.618,13,-3.68622,MCU is reading properly,253,-12,G,1.00 kHz,1.00 Hz,0,424
Mon.May.02.2022 13:17:43.622,13,-3.70582,MCU is reading properly,253,-12,G,1.00 kHz,1.00 Hz,0,424
Mon.May.02.2022 13:17:43.625,13,-3.7243,MCU is reading properly,253,-12,G,1.00 kHz,1.00 Hz,0,424
Mon.May.02.2022 13:17:43.630,13,-3.7417,MCU is reading properly,253,-12,G,1.00 kHz,1.00 Hz,0,425
Mon.May.02.2022 13:17:43.634,13,-3.75799,MCU is reading properly,253,-12,G,1.00 kHz,1.00 Hz,0,425
Mon.May.02.2022 13:17:43.638,13,-3.77316,MCU is reading properly,253,-12,G,1.00 kHz,1.00 Hz,0,425
Mon.May.02.2022 13:17:43.754,13,-3.78718,MCU is reading properly,253,-12,G,1.00 kHz,1.00 Hz,0,426
Mon.May.02.2022 13:17:43.757,13,-3.78718,MCU is reading properly,253,-12,G,1.00 kHz,1.00 Hz,0,426
Mon.May.02.2022 13:17:43.757,13,-3.80003,MCU is reading properly,253,-12,G,1.00 kHz,1.00 Hz,0,426
Mon.May.02.2022 13:17:43.757,13,-3.81174,MCU is reading properly,253,-12,G,1.00 kHz,1.00 Hz,0,426
Mon.May.02.2022 13:17:43.757,13,-3.82221,MCU is reading properly,253,-12,G,1.00 kHz,1.00 Hz,0,426
Mon.May.02.2022 13:17:43.773,13,-3.83146,MCU is reading properly,253,-12,G,1.00 kHz,1.00 Hz,0,427
Mon.May.02.2022 13:17:43.773,13,-3.83954,MCU is reading properly,253,-12,G,1.00 kHz,1.00 Hz,0,427
Mon.May.02.2022 13:17:43.773,13,-3.84647,MCU is reading properly,253,-12,G,1.00 kHz,1.00 Hz,0,427
Mon.May.02.2022 13:17:43.773,13,-3.8521,MCU is reading properly,253,-12,G,1.00 kHz,1.00 Hz,0,427
Mon.May.02.2022 13:17:43.773,13,-3.85642,MCU is reading properly,253,-12,G,1.00 kHz,1.00 Hz,0,427
Mon.May.02.2022 13:17:43.789,13,-3.85942,MCU is reading properly,253,-12,G,1.00 kHz,1.00 Hz,0,428
