DATE (ddd.MMM.dd.yyyy hh:mm:ss.zzz),<int>,<float>,<string>,<uint8_t>,<int8_t>,<char>,RX hz,TX hz,CRC Errors,read_queue_size,graph(0)->data.size()
Mon.May.02.2022 16:02:53.089,13,2.63808,MCU is reading properly,253,-12,G,nan kHz,nan kHz,0,409,2054
Mon.May.02.2022 16:02:53.104,13,2.64273,MCU is reading properly,253,-12,G,nan kHz,nan kHz,0,409,2055
Mon.May.02.2022 16:02:53.109,13,2.64604,MCU is reading properly,253,-12,G,nan kHz,nan kHz,0,409,2056
Mon.May.02.2022 16:02:53.109,13,2.64803,MCU is reading properly,253,-12,G,nan kHz,nan kHz,0,409,2056
Mon.May.02.2022 16:02:53.109,13,2.64873,MCU is reading properly,253,-12,G,nan kHz,nan kHz,0,409,2056
Mon.May.02.2022 16:02:53.109,13,2.64873,MCU is reading properly,253,-12,G,nan kHz,nan kHz,0,409,2056
Mon.May.02.2022 16:02:53.130,13,2.64818,MCU is reading properly,253,-12,G,nan kHz,nan kHz,0,409,2057
Mon.May.02.2022 16:02:53.130,13,2.64639,MCU is reading properly,253,-12,G,nan kHz,nan kHz,0,409,2057
Mon.May.02.2022 16:02:53.130,13,2.64342,MCU is reading properly,253,-12,G,nan kHz,nan kHz,0,409,2057
Mon.May.02.2022 16:02:53.130,13,2.63928,MCU is reading properly,253,-12,G,nan kHz,nan kHz,0,409,2057
Mon.May.02.2022 16:02:53.151,13,2.63402,MCU is reading properly,253,-12,G,nan kHz,nan kHz,0,409,2058
Mon.May.02.2022 16:02:53.151,13,2.63402,MCU is reading properly,253,-12,G,nan kHz,nan kHz,0,409,2058
Mon.May.02.2022 16:02:53.193,13,2.62768,MCU is reading properly,253,-12,G,nan kHz,nan kHz,0,323,2057
Mon.May.02.2022 16:02:53.193,13,2.62027,MCU is reading properly,253,-12,G,nan kHz,nan kHz,0,323,2057
Mon.May.02.2022 16:02:53.193,13,2.61186,MCU is reading properly,253,-12,G,nan kHz,nan kHz,0,323,2057
Mon.May.02.2022 16:02:53.208,13,2.60248,MCU is reading properly,253,-12,G,nan kHz,nan kHz,0,323,2057
Mon.May.02.2022 16:02:53.214,13,2.59218,MCU is reading properly,253,-12,G,nan kHz,nan kHz,0,323,2057
Mon.May.02.2022 16:02:53.214,13,2.59218,MCU is reading properly,253,-12,G,nan kHz,nan kHz,0,323,2057
Mon.May.02.2022 16:02:53.214,13,2.58098,MCU is reading properly,253,-12,G,nan kHz,nan kHz,0,323,2057
Mon.May.02.2022 16:02:53.214,13,2.56894,MCU is reading properly,253,-12,G,nan kHz,nan kHz,0,323,2057
Mon.May.02.2022 16:02:53.234,13,2.55614,MCU is reading properly,253,-12,G,nan kHz,nan kHz,0,323,2057
Mon.May.02.2022 16:02:53.357,13,2.54238,MCU is reading properly,253,-12,G,nan kHz,nan kHz,0,401,2056
Mon.May.02.2022 16:02:53.357,13,2.52776,MCU is reading properly,253,-12,G,nan kHz,nan kHz,0,401,2056
Mon.May.02.2022 16:02:53.357,13,2.51249,MCU is reading properly,253,-12,G,nan kHz,nan kHz,0,401,2056
Mon.May.02.2022 16:02:53.374,13,2.49654,MCU is reading properly,253,-12,G,nan kHz,nan kHz,0,401,2057
Mon.May.02.2022 16:02:53.374,13,2.48,MCU is reading properly,253,-12,G,nan kHz,nan kHz,0,401,2057
Mon.May.02.2022 16:02:53.374,13,2.46292,MCU is reading properly,253,-12,G,nan kHz,nan kHz,0,401,2057
Mon.May.02.2022 16:02:53.374,13,2.44536,MCU is reading properly,253,-12,G,nan kHz,nan kHz,0,401,2057
Mon.May.02.2022 16:02:53.394,13,2.44536,MCU is reading properly,253,-12,G,nan kHz,nan kHz,0,401,2058
Mon.May.02.2022 16:02:53.394,13,2.42734,MCU is reading properly,253,-12,G,nan kHz,nan kHz,0,401,2058
Mon.May.02.2022 16:02:53.394,13,2.40895,MCU is reading properly,253,-12,G,nan kHz,nan kHz,0,401,2058
Mon.May.02.2022 16:02:53.394,13,2.39044,MCU is reading properly,253,-12,G,nan kHz,nan kHz,0,401,2058
Mon.May.02.2022 16:02:53.515,13,2.37144,MCU is reading properly,253,-12,G,nan kHz,nan kHz,0,370,2057
Mon.May.02.2022 16:02:53.515,13,2.35219,MCU is reading properly,253,-12,G,nan kHz,nan kHz,0,370,2057
Mon.May.02.2022 16:02:53.515,13,2.35219,MCU is reading properly,253,-12,G,nan kHz,nan kHz,0,370,2057
Mon.May.02.2022 16:02:53.515,13,2.33278,MCU is reading properly,253,-12,G,nan kHz,nan kHz,0,370,2057
Mon.May.02.2022 16:02:53.515,13,2.31324,MCU is reading properly,253,-12,G,nan kHz,nan kHz,0,370,2057
Mon.May.02.2022 16:02:53.536,13,2.29362,MCU is reading properly,253,-12,G,nan kHz,nan kHz,0,370,2057
Mon.May.02.2022 16:02:53.536,13,2.27398,MCU is reading properly,253,-12,G,nan kHz,nan kHz,0,370,2057
Mon.May.02.2022 16:02:53.536,13,2.25436,MCU is reading properly,253,-12,G,nan kHz,nan kHz,0,370,2057
Mon.May.02.2022 16:02:53.536,13,2.25436,MCU is reading properly,253,-12,G,nan kHz,nan kHz,0,370,2057
Mon.May.02.2022 16:02:53.557,13,2.23483,MCU is reading properly,253,-12,G,nan kHz,nan kHz,0,370,2058
Mon.May.02.2022 16:02:53.557,13,2.21543,MCU is reading properly,253,-12,G,nan kHz,nan kHz,0,370,2058
Mon.May.02.2022 16:02:53.673,13,2.1962,MCU is reading properly,253,-12,G,nan kHz,nan kHz,0,401,2057
Mon.May.02.2022 16:02:53.673,13,2.17721,MCU is reading properly,253,-12,G,nan kHz,nan kHz,0,401,2057
Mon.May.02.2022 16:02:53.673,13,2.15849,MCU is reading properly,253,-12,G,nan kHz,nan kHz,0,401,2057
Mon.May.02.2022 16:02:53.673,13,2.14009,MCU is reading properly,253,-12,G,nan kHz,nan kHz,0,401,2057
Mon.May.02.2022 16:02:53.673,13,2.12207,MCU is reading properly,253,-12,G,nan kHz,nan kHz,0,401,2057
Mon.May.02.2022 16:02:53.694,13,2.10447,MCU is reading properly,253,-12,G,nan kHz,nan kHz,0,401,2057
Mon.May.02.2022 16:02:53.694,13,2.08734,MCU is reading properly,253,-12,G,nan kHz,nan kHz,0,401,2057
Mon.May.02.2022 16:02:53.694,13,2.07071,MCU is reading properly,253,-12,G,nan kHz,nan kHz,0,401,2057
Mon.May.02.2022 16:02:53.715,13,2.07071,MCU is reading properly,253,-12,G,nan kHz,nan kHz,0,401,2058
Mon.May.02.2022 16:02:53.715,13,2.05462,MCU is reading properly,253,-12,G,nan kHz,nan kHz,0,401,2058
Mon.May.02.2022 16:02:53.715,13,2.03914,MCU is reading properly,253,-12,G,nan kHz,nan kHz,0,401,2058
Mon.May.02.2022 16:02:53.820,13,2.02433,MCU is reading properly,253,-12,G,nan kHz,nan kHz,0,370,2058
Mon.May.02.2022 16:02:53.820,13,2.01015,MCU is reading properly,253,-12,G,nan kHz,nan kHz,0,370,2058
Mon.May.02.2022 16:02:53.820,13,1.99672,MCU is reading properly,253,-12,G,nan kHz,nan kHz,0,370,2058
Mon.May.02.2022 16:02:53.820,13,1.99672,MCU is reading properly,253,-12,G,nan kHz,nan kHz,0,370,2058
Mon.May.02.2022 16:02:53.820,13,1.98404,MCU is reading properly,253,-12,G,nan kHz,nan kHz,0,370,2058
Mon.May.02.2022 16:02:53.841,13,1.97213,MCU is reading properly,253,-12,G,nan kHz,nan kHz,0,370,2058
Mon.May.02.2022 16:02:53.841,13,1.96103,MCU is reading properly,253,-12,G,nan kHz,nan kHz,0,370,2058
Mon.May.02.2022 16:02:53.841,13,1.9509,MCU is reading properly,253,-12,G,nan kHz,nan kHz,0,370,2058
Mon.May.02.2022 16:02:53.841,13,1.94173,MCU is reading properly,253,-12,G,nan kHz,nan kHz,0,370,2058
Mon.May.02.2022 16:02:53.862,13,1.94173,MCU is reading properly,253,-12,G,nan kHz,nan kHz,0,370,2058
Mon.May.02.2022 16:02:53.869,13,1.93343,MCU is reading properly,253,-12,G,nan kHz,nan kHz,0,370,2058
Mon.May.02.2022 16:02:53.973,13,1.926,MCU is reading properly,253,-12,G,nan kHz,nan kHz,0,351,2057
Mon.May.02.2022 16:02:53.973,13,1.9195,MCU is reading properly,253,-12,G,nan kHz,nan kHz,0,351,2057
Mon.May.02.2022 16:02:53.973,13,1.91393,MCU is reading properly,253,-12,G,nan kHz,nan kHz,0,351,2057
Mon.May.02.2022 16:02:53.994,13,1.90932,MCU is reading properly,253,-12,G,nan kHz,nan kHz,0,351,2057
Mon.May.02.2022 16:02:53.994,13,1.90568,MCU is reading properly,253,-12,G,nan kHz,nan kHz,0,351,2057
Mon.May.02.2022 16:02:53.994,13,1.90302,MCU is reading properly,253,-12,G,nan kHz,nan kHz,0,351,2057
Mon.May.02.2022 16:02:53.994,13,1.90137,MCU is reading properly,253,-12,G,nan kHz,nan kHz,0,351,2057
Mon.May.02.2022 16:02:54.015,13,1.90079,MCU is reading properly,253,-12,G,nan kHz,nan kHz,0,351,2058
Mon.May.02.2022 16:02:54.015,13,1.90131,MCU is reading properly,253,-12,G,nan kHz,nan kHz,0,351,2058
Mon.May.02.2022 16:02:54.137,13,1.90131,MCU is reading properly,253,-12,G,nan kHz,nan kHz,0,409,2057
Mon.May.02.2022 16:02:54.137,13,1.90293,MCU is reading properly,253,-12,G,nan kHz,nan kHz,0,409,2057
Mon.May.02.2022 16:02:54.137,13,1.90567,MCU is reading properly,253,-12,G,nan kHz,nan kHz,0,409,2057
Mon.May.02.2022 16:02:54.137,13,1.90952,MCU is reading properly,253,-12,G,nan kHz,nan kHz,0,409,2057
Mon.May.02.2022 16:02:54.137,13,1.9145,MCU is reading properly,253,-12,G,nan kHz,nan kHz,0,409,2057
Mon.May.02.2022 16:02:54.157,13,1.9145,MCU is reading properly,253,-12,G,nan kHz,nan kHz,0,409,2056
Mon.May.02.2022 16:02:54.157,13,1.92058,MCU is reading properly,253,-12,G,nan kHz,nan kHz,0,409,2056
Mon.May.02.2022 16:02:54.157,13,1.92782,MCU is reading properly,253,-12,G,nan kHz,nan kHz,0,409,2056
Mon.May.02.2022 16:02:54.174,13,1.9362,MCU is reading properly,253,-12,G,nan kHz,nan kHz,0,409,2056
Mon.May.02.2022 16:02:54.174,13,1.94572,MCU is reading properly,253,-12,G,nan kHz,nan kHz,0,409,2056
Mon.May.02.2022 16:02:54.174,13,1.95637,MCU is reading properly,253,-12,G,nan kHz,nan kHz,0,409,2056
Mon.May.02.2022 16:02:54.174,13,1.96814,MCU is reading properly,253,-12,G,nan kHz,nan kHz,0,409,2056
Mon.May.02.2022 16:02:54.295,13,1.96814,MCU is reading properly,253,-12,G,nan kHz,nan kHz,0,362,2054
Mon.May.02.2022 16:02:54.295,13,1.98104,MCU is reading properly,253,-12,G,nan kHz,nan kHz,0,362,2054
Mon.May.02.2022 16:02:54.295,13,1.99509,MCU is reading properly,253,-12,G,nan kHz,nan kHz,0,362,2054
Mon.May.02.2022 16:02:54.295,13,2.01011,MCU is reading properly,253,-12,G,nan kHz,nan kHz,0,362,2054
Mon.May.02.2022 16:02:54.295,13,2.02596,MCU is reading properly,253,-12,G,nan kHz,nan kHz,0,362,2054
Mon.May.02.2022 16:02:54.316,13,2.04285,MCU is reading properly,253,-12,G,nan kHz,nan kHz,0,362,2054
Mon.May.02.2022 16:02:54.316,13,2.06075,MCU is reading properly,253,-12,G,nan kHz,nan kHz,0,362,2054
Mon.May.02.2022 16:02:54.316,13,2.07965,MCU is reading properly,253,-12,G,nan kHz,nan kHz,0,362,2054
Mon.May.02.2022 16:02:54.316,13,2.0996,MCU is reading properly,253,-12,G,nan kHz,nan kHz,0,362,2054
Mon.May.02.2022 16:02:54.337,13,2.12045,MCU is reading properly,253,-12,G,nan kHz,nan kHz,0,362,2054
Mon.May.02.2022 16:02:54.458,13,2.14225,MCU is reading properly,253,-12,G,nan kHz,nan kHz,0,409,2053
Mon.May.02.2022 16:02:54.458,13,2.14225,MCU is reading properly,253,-12,G,nan kHz,nan kHz,0,409,2053
Mon.May.02.2022 16:02:54.458,13,2.16496,MCU is reading properly,253,-12,G,nan kHz,nan kHz,0,409,2053
Mon.May.02.2022 16:02:54.475,13,2.18857,MCU is reading properly,253,-12,G,nan kHz,nan kHz,0,409,2053
Mon.May.02.2022 16:02:54.475,13,2.21312,MCU is reading properly,253,-12,G,nan kHz,nan kHz,0,409,2053
Mon.May.02.2022 16:02:54.475,13,2.23853,MCU is reading properly,253,-12,G,nan kHz,nan kHz,0,409,2053
Mon.May.02.2022 16:02:54.475,13,2.23853,MCU is reading properly,253,-12,G,nan kHz,nan kHz,0,409,2053
Mon.May.02.2022 16:02:54.495,13,2.26467,MCU is reading properly,253,-12,G,nan kHz,nan kHz,0,409,2054
Mon.May.02.2022 16:02:54.495,13,2.29152,MCU is reading properly,253,-12,G,nan kHz,nan kHz,0,409,2054
Mon.May.02.2022 16:02:54.495,13,2.31937,MCU is reading properly,253,-12,G,nan kHz,nan kHz,0,409,2054
Mon.May.02.2022 16:02:54.495,13,2.34786,MCU is reading properly,253,-12,G,nan kHz,nan kHz,0,409,2054
Mon.May.02.2022 16:02:54.495,13,2.37714,MCU is reading properly,253,-12,G,nan kHz,nan kHz,0,409,2054
Mon.May.02.2022 16:02:54.596,13,2.40707,MCU is reading properly,253,-12,G,nan kHz,nan kHz,0,362,2054
Mon.May.02.2022 16:02:54.596,13,2.40707,MCU is reading properly,253,-12,G,nan kHz,nan kHz,0,362,2054
Mon.May.02.2022 16:02:54.596,13,2.43754,MCU is reading properly,253,-12,G,nan kHz,nan kHz,0,362,2054
Mon.May.02.2022 16:02:54.617,13,2.4686,MCU is reading properly,253,-12,G,nan kHz,nan kHz,0,362,2054
Mon.May.02.2022 16:02:54.617,13,2.5002,MCU is reading properly,253,-12,G,nan kHz,nan kHz,0,362,2054
Mon.May.02.2022 16:02:54.617,13,2.53232,MCU is reading properly,253,-12,G,nan kHz,nan kHz,0,362,2054
Mon.May.02.2022 16:02:54.617,13,2.56499,MCU is reading properly,253,-12,G,nan kHz,nan kHz,0,362,2054
Mon.May.02.2022 16:02:54.637,13,2.5981,MCU is reading properly,253,-12,G,nan kHz,nan kHz,0,362,2054
Mon.May.02.2022 16:02:54.637,13,2.6316,MCU is reading properly,253,-12,G,nan kHz,nan kHz,0,362,2054
Mon.May.02.2022 16:02:54.637,13,2.66545,MCU is reading properly,253,-12,G,nan kHz,nan kHz,0,362,2054
Mon.May.02.2022 16:02:54.758,13,2.6996,MCU is reading properly,253,-12,G,nan kHz,nan kHz,0,370,2053
Mon.May.02.2022 16:02:54.758,13,2.73401,MCU is reading properly,253,-12,G,nan kHz,nan kHz,0,370,2053
Mon.May.02.2022 16:02:54.758,13,2.73401,MCU is reading properly,253,-12,G,nan kHz,nan kHz,0,370,2053
Mon.May.02.2022 16:02:54.758,13,2.76864,MCU is reading properly,253,-12,G,nan kHz,nan kHz,0,370,2053
Mon.May.02.2022 16:02:54.775,13,2.80344,MCU is reading properly,253,-12,G,nan kHz,nan kHz,0,370,2053
Mon.May.02.2022 16:02:54.775,13,2.83836,MCU is reading properly,253,-12,G,nan kHz,nan kHz,0,370,2053
Mon.May.02.2022 16:02:54.775,13,2.87337,MCU is reading properly,253,-12,G,nan kHz,nan kHz,0,370,2053
Mon.May.02.2022 16:02:54.775,13,2.87337,MCU is reading properly,253,-12,G,nan kHz,nan kHz,0,370,2053
Mon.May.02.2022 16:02:54.796,13,2.90841,MCU is reading properly,253,-12,G,nan kHz,nan kHz,0,370,2054
Mon.May.02.2022 16:02:54.796,13,2.94345,MCU is reading properly,253,-12,G,nan kHz,nan kHz,0,370,2054
Mon.May.02.2022 16:02:54.796,13,2.97843,MCU is reading properly,253,-12,G,nan kHz,nan kHz,0,370,2054
Mon.May.02.2022 16:02:54.917,13,3.0132,MCU is reading properly,253,-12,G,nan kHz,nan kHz,0,362,2053
Mon.May.02.2022 16:02:54.917,13,3.04794,MCU is reading properly,253,-12,G,nan kHz,nan kHz,0,362,2053
Mon.May.02.2022 16:02:54.917,13,3.08248,MCU is reading properly,253,-12,G,nan kHz,nan kHz,0,362,2053
Mon.May.02.2022 16:02:54.917,13,3.08248,MCU is reading properly,253,-12,G,nan kHz,nan kHz,0,362,2053
Mon.May.02.2022 16:02:54.917,13,3.11678,MCU is reading properly,253,-12,G,nan kHz,nan kHz,0,362,2053
Mon.May.02.2022 16:02:54.938,13,3.15079,MCU is reading properly,253,-12,G,nan kHz,nan kHz,0,362,2053
Mon.May.02.2022 16:02:54.938,13,3.18448,MCU is reading properly,253,-12,G,nan kHz,nan kHz,0,362,2053
Mon.May.02.2022 16:02:54.938,13,3.21779,MCU is reading properly,253,-12,G,nan kHz,nan kHz,0,362,2053
Mon.May.02.2022 16:02:54.938,13,3.25069,MCU is reading properly,253,-12,G,nan kHz,nan kHz,0,362,2053
Mon.May.02.2022 16:02:54.959,13,3.28313,MCU is reading properly,253,-12,G,nan kHz,nan kHz,0,362,2054
Mon.May.02.2022 16:02:55.076,13,3.31506,MCU is reading properly,253,-12,G,nan kHz,nan kHz,0,409,2053
Mon.May.02.2022 16:02:55.076,13,3.34644,MCU is reading properly,253,-12,G,nan kHz,nan kHz,0,409,2053
Mon.May.02.2022 16:02:55.076,13,3.37723,MCU is reading properly,253,-12,G,nan kHz,nan kHz,0,409,2053
Mon.May.02.2022 16:02:55.076,13,3.40739,MCU is reading properly,253,-12,G,nan kHz,nan kHz,0,409,2053
Mon.May.02.2022 16:02:55.076,13,3.40739,MCU is reading properly,253,-12,G,nan kHz,nan kHz,0,409,2053
Mon.May.02.2022 16:02:55.096,13,3.43687,MCU is reading properly,253,-12,G,nan kHz,nan kHz,0,409,2053
Mon.May.02.2022 16:02:55.096,13,3.46565,MCU is reading properly,253,-12,G,nan kHz,nan kHz,0,409,2053
Mon.May.02.2022 16:02:55.096,13,3.49368,MCU is reading properly,253,-12,G,nan kHz,nan kHz,0,409,2053
Mon.May.02.2022 16:02:55.096,13,3.52091,MCU is reading properly,253,-12,G,nan kHz,nan kHz,0,409,2053
Mon.May.02.2022 16:02:55.117,13,3.52091,MCU is reading properly,253,-12,G,nan kHz,nan kHz,0,409,2054
Mon.May.02.2022 16:02:55.117,13,3.54732,MCU is reading properly,253,-12,G,nan kHz,nan kHz,0,409,2054
Mon.May.02.2022 16:02:55.117,13,3.57287,MCU is reading properly,253,-12,G,nan kHz,nan kHz,0,409,2054
Mon.May.02.2022 16:02:55.227,13,3.59753,MCU is reading properly,253,-12,G,nan kHz,nan kHz,0,362,2053
Mon.May.02.2022 16:02:55.232,13,3.62125,MCU is reading properly,253,-12,G,nan kHz,nan kHz,0,362,2054
Mon.May.02.2022 16:02:55.232,13,3.64395,MCU is reading properly,253,-12,G,nan kHz,nan kHz,0,362,2054
Mon.May.02.2022 16:02:55.245,13,3.66559,MCU is reading properly,253,-12,G,nan kHz,nan kHz,0,362,2054
Mon.May.02.2022 16:02:55.245,13,3.66559,MCU is reading properly,253,-12,G,nan kHz,nan kHz,0,362,2054
Mon.May.02.2022 16:02:55.245,13,3.68629,MCU is reading properly,253,-12,G,nan kHz,nan kHz,0,362,2054
Mon.May.02.2022 16:02:55.261,13,3.70594,MCU is reading properly,253,-12,G,nan kHz,nan kHz,0,362,2055
Mon.May.02.2022 16:02:55.271,13,3.72447,MCU is reading properly,253,-12,G,nan kHz,nan kHz,0,362,2055
Mon.May.02.2022 16:02:55.271,13,3.74196,MCU is reading properly,253,-12,G,nan kHz,nan kHz,0,362,2055
Mon.May.02.2022 16:02:55.271,13,3.75833,MCU is reading properly,253,-12,G,nan kHz,nan kHz,0,362,2055
Mon.May.02.2022 16:02:55.397,13,3.77352,MCU is reading properly,253,-12,G,nan kHz,nan kHz,0,362,2054
Mon.May.02.2022 16:02:55.397,13,3.78755,MCU is reading properly,253,-12,G,nan kHz,nan kHz,0,362,2054
Mon.May.02.2022 16:02:55.397,13,3.80045,MCU is reading properly,253,-12,G,nan kHz,nan kHz,0,362,2054
Mon.May.02.2022 16:02:55.397,13,3.81214,MCU is reading properly,253,-12,G,nan kHz,nan kHz,0,362,2054
Mon.May.02.2022 16:02:55.397,13,3.8226,MCU is reading properly,253,-12,G,nan kHz,nan kHz,0,362,2054
Mon.May.02.2022 16:02:55.418,13,3.8226,MCU is reading properly,253,-12,G,nan kHz,nan kHz,0,362,2054
Mon.May.02.2022 16:02:55.418,13,3.83183,MCU is reading properly,253,-12,G,nan kHz,nan kHz,0,362,2054
Mon.May.02.2022 16:02:55.418,13,3.83983,MCU is reading properly,253,-12,G,nan kHz,nan kHz,0,362,2054
Mon.May.02.2022 16:02:55.418,13,3.84674,MCU is reading properly,253,-12,G,nan kHz,nan kHz,0,362,2054
Mon.May.02.2022 16:02:55.439,13,3.85234,MCU is reading properly,253,-12,G,nan kHz,nan kHz,0,362,2055
Mon.May.02.2022 16:02:55.539,13,3.85234,MCU is reading properly,253,-12,G,nan kHz,nan kHz,0,448,2055
Mon.May.02.2022 16:02:55.539,13,3.8566,MCU is reading properly,253,-12,G,nan kHz,nan kHz,0,448,2055
Mon.May.02.2022 16:02:55.539,13,3.85954,MCU is reading properly,253,-12,G,nan kHz,nan kHz,0,448,2055
Mon.May.02.2022 16:02:55.539,13,3.86115,MCU is reading properly,253,-12,G,nan kHz,nan kHz,0,448,2055
Mon.May.02.2022 16:02:55.539,13,3.86143,MCU is reading properly,253,-12,G,nan kHz,nan kHz,0,448,2055
Mon.May.02.2022 16:02:55.559,13,3.86037,MCU is reading properly,253,-12,G,nan kHz,nan kHz,0,448,2055
Mon.May.02.2022 16:02:55.559,13,3.85799,MCU is reading properly,253,-12,G,nan kHz,nan kHz,0,448,2055
Mon.May.02.2022 16:02:55.559,13,3.85799,MCU is reading properly,253,-12,G,nan kHz,nan kHz,0,448,2055
Mon.May.02.2022 16:02:55.576,13,3.85429,MCU is reading properly,253,-12,G,nan kHz,nan kHz,0,448,2055
Mon.May.02.2022 16:02:55.576,13,3.84928,MCU is reading properly,253,-12,G,nan kHz,nan kHz,0,448,2055
Mon.May.02.2022 16:02:55.576,13,3.84295,MCU is reading properly,253,-12,G,nan kHz,nan kHz,0,448,2055
Mon.May.02.2022 16:02:55.576,13,3.83534,MCU is reading properly,253,-12,G,nan kHz,nan kHz,0,448,2055
Mon.May.02.2022 16:02:55.597,13,3.82644,MCU is reading properly,253,-12,G,nan kHz,nan kHz,0,448,2056
Mon.May.02.2022 16:02:55.699,13,3.81627,MCU is reading properly,253,-12,G,nan kHz,nan kHz,0,323,2055
Mon.May.02.2022 16:02:55.708,13,3.80485,MCU is reading properly,253,-12,G,nan kHz,nan kHz,0,323,2055
Mon.May.02.2022 16:02:55.708,13,3.79227,MCU is reading properly,253,-12,G,nan kHz,nan kHz,0,323,2055
Mon.May.02.2022 16:02:55.708,13,3.7787,MCU is reading properly,253,-12,G,nan kHz,nan kHz,0,323,2055
Mon.May.02.2022 16:02:55.708,13,3.76399,MCU is reading properly,253,-12,G,nan kHz,nan kHz,0,323,2055
Mon.May.02.2022 16:02:55.734,13,3.76399,MCU is reading properly,253,-12,G,nan kHz,nan kHz,0,323,2056
Mon.May.02.2022 16:02:55.738,13,3.74814,MCU is reading properly,253,-12,G,nan kHz,nan kHz,0,323,2056
Mon.May.02.2022 16:02:55.746,13,3.73119,MCU is reading properly,253,-12,G,nan kHz,nan kHz,0,323,2057
Mon.May.02.2022 16:02:55.746,13,3.71316,MCU is reading properly,253,-12,G,nan kHz,nan kHz,0,323,2057
Mon.May.02.2022 16:02:55.860,13,3.69408,MCU is reading properly,253,-12,G,nan kHz,nan kHz,0,409,2056
Mon.May.02.2022 16:02:55.860,13,3.69408,MCU is reading properly,253,-12,G,nan kHz,nan kHz,0,409,2056
Mon.May.02.2022 16:02:55.860,13,3.67397,MCU is reading properly,253,-12,G,nan kHz,nan kHz,0,409,2056
Mon.May.02.2022 16:02:55.876,13,3.65287,MCU is reading properly,253,-12,G,nan kHz,nan kHz,0,409,2056
Mon.May.02.2022 16:02:55.876,13,3.6308,MCU is reading properly,253,-12,G,nan kHz,nan kHz,0,409,2056
Mon.May.02.2022 16:02:55.876,13,3.6078,MCU is reading properly,253,-12,G,nan kHz,nan kHz,0,409,2056
Mon.May.02.2022 16:02:55.876,13,3.58382,MCU is reading properly,253,-12,G,nan kHz,nan kHz,0,409,2056
Mon.May.02.2022 16:02:55.897,13,3.55905,MCU is reading properly,253,-12,G,nan kHz,nan kHz,0,409,2057
Mon.May.02.2022 16:02:55.897,13,3.55905,MCU is reading properly,253,-12,G,nan kHz,nan kHz,0,409,2057
Mon.May.02.2022 16:02:55.897,13,3.53338,MCU is reading properly,253,-12,G,nan kHz,nan kHz,0,409,2057
Mon.May.02.2022 16:02:55.897,13,3.50666,MCU is reading properly,253,-12,G,nan kHz,nan kHz,0,409,2057
Mon.May.02.2022 16:02:55.897,13,3.47951,MCU is reading properly,253,-12,G,nan kHz,nan kHz,0,409,2057
Mon.May.02.2022 16:02:56.018,13,3.45165,MCU is reading properly,253,-12,G,nan kHz,nan kHz,0,362,2056
Mon.May.02.2022 16:02:56.018,13,3.42311,MCU is reading properly,253,-12,G,nan kHz,nan kHz,0,362,2056
Mon.May.02.2022 16:02:56.018,13,3.39386,MCU is reading properly,253,-12,G,nan kHz,nan kHz,0,362,2056
Mon.May.02.2022 16:02:56.018,13,3.36402,MCU is reading properly,253,-12,G,nan kHz,nan kHz,0,362,2056
Mon.May.02.2022 16:02:56.018,13,3.33373,MCU is reading properly,253,-12,G,nan kHz,nan kHz,0,362,2056
Mon.May.02.2022 16:02:56.039,13,3.30294,MCU is reading properly,253,-12,G,nan kHz,nan kHz,0,362,2056
Mon.May.02.2022 16:02:56.039,13,3.2716,MCU is reading properly,253,-12,G,nan kHz,nan kHz,0,362,2056
Mon.May.02.2022 16:02:56.039,13,3.2716,MCU is reading properly,253,-12,G,nan kHz,nan kHz,0,362,2056
Mon.May.02.2022 16:02:56.039,13,3.23996,MCU is reading properly,253,-12,G,nan kHz,nan kHz,0,362,2056
Mon.May.02.2022 16:02:56.060,13,3.20796,MCU is reading properly,253,-12,G,nan kHz,nan kHz,0,362,2057
Mon.May.02.2022 16:02:56.160,13,3.17555,MCU is reading properly,253,-12,G,nan kHz,nan kHz,0,409,2057
Mon.May.02.2022 16:02:56.160,13,3.14299,MCU is reading properly,253,-12,G,nan kHz,nan kHz,0,409,2057
Mon.May.02.2022 16:02:56.176,13,3.14299,MCU is reading properly,253,-12,G,nan kHz,nan kHz,0,409,2057
Mon.May.02.2022 16:02:56.176,13,3.11021,MCU is reading properly,253,-12,G,nan kHz,nan kHz,0,409,2057
Mon.May.02.2022 16:02:56.176,13,3.07727,MCU is reading properly,253,-12,G,nan kHz,nan kHz,0,409,2057
Mon.May.02.2022 16:02:56.176,13,3.04422,MCU is reading properly,253,-12,G,nan kHz,nan kHz,0,409,2057
Mon.May.02.2022 16:02:56.197,13,3.01121,MCU is reading properly,253,-12,G,nan kHz,nan kHz,0,409,2057
Mon.May.02.2022 16:02:56.197,13,2.9781,MCU is reading properly,253,-12,G,nan kHz,nan kHz,0,409,2057
Mon.May.02.2022 16:02:56.197,13,2.94502,MCU is reading properly,253,-12,G,nan kHz,nan kHz,0,409,2057
Mon.May.02.2022 16:02:56.197,13,2.94502,MCU is reading properly,253,-12,G,nan kHz,nan kHz,0,409,2057
Mon.May.02.2022 16:02:56.218,13,2.91204,MCU is reading properly,253,-12,G,nan kHz,nan kHz,0,409,2058
Mon.May.02.2022 16:02:56.218,13,2.8792,MCU is reading properly,253,-12,G,nan kHz,nan kHz,0,409,2058
Mon.May.02.2022 16:02:56.318,13,2.84665,MCU is reading properly,253,-12,G,nan kHz,nan kHz,0,362,2057
Mon.May.02.2022 16:02:56.318,13,2.81425,MCU is reading properly,253,-12,G,nan kHz,nan kHz,0,362,2057
Mon.May.02.2022 16:02:56.318,13,2.78215,MCU is reading properly,253,-12,G,nan kHz,nan kHz,0,362,2057
Mon.May.02.2022 16:02:56.339,13,2.7503,MCU is reading properly,253,-12,G,nan kHz,nan kHz,0,362,2057
Mon.May.02.2022 16:02:56.339,13,2.71886,MCU is reading properly,253,-12,G,nan kHz,nan kHz,0,362,2057
Mon.May.02.2022 16:02:56.339,13,2.68786,MCU is reading properly,253,-12,G,nan kHz,nan kHz,0,362,2057
Mon.May.02.2022 16:02:56.339,13,2.65737,MCU is reading properly,253,-12,G,nan kHz,nan kHz,0,362,2057
Mon.May.02.2022 16:02:56.360,13,2.62751,MCU is reading properly,253,-12,G,nan kHz,nan kHz,0,362,2057
Mon.May.02.2022 16:02:56.360,13,2.62751,MCU is reading properly,253,-12,G,nan kHz,nan kHz,0,362,2057
Mon.May.02.2022 16:02:56.360,13,2.59748,MCU is reading properly,253,-12,G,nan kHz,nan kHz,0,362,2057
Mon.May.02.2022 16:02:56.478,13,2.56838,MCU is reading properly,253,-12,G,nan kHz,nan kHz,0,359,2056
Mon.May.02.2022 16:02:56.488,13,2.53983,MCU is reading properly,253,-12,G,nan kHz,nan kHz,0,359,2056
Mon.May.02.2022 16:02:56.488,13,2.51199,MCU is reading properly,253,-12,G,nan kHz,nan kHz,0,359,2056
Mon.May.02.2022 16:02:56.496,13,2.51199,MCU is reading properly,253,-12,G,nan kHz,nan kHz,0,359,2057
Mon.May.02.2022 16:02:56.496,13,2.48505,MCU is reading properly,253,-12,G,nan kHz,nan kHz,0,359,2057
Mon.May.02.2022 16:02:56.512,13,2.459,MCU is reading properly,253,-12,G,nan kHz,nan kHz,0,359,2058
Mon.May.02.2022 16:02:56.512,13,2.43394,MCU is reading properly,253,-12,G,nan kHz,nan kHz,0,359,2058
Mon.May.02.2022 16:02:56.512,13,2.40979,MCU is reading properly,253,-12,G,nan kHz,nan kHz,0,359,2058
Mon.May.02.2022 16:02:56.533,13,2.38658,MCU is reading properly,253,-12,G,nan kHz,nan kHz,0,359,2059
Mon.May.02.2022 16:02:56.533,13,2.3645,MCU is reading properly,253,-12,G,nan kHz,nan kHz,0,359,2059
Mon.May.02.2022 16:02:56.634,13,2.3645,MCU is reading properly,253,-12,G,nan kHz,nan kHz,0,362,2058
Mon.May.02.2022 16:02:56.634,13,2.34354,MCU is reading properly,253,-12,G,nan kHz,nan kHz,0,362,2058
Mon.May.02.2022 16:02:56.634,13,2.32372,MCU is reading properly,253,-12,G,nan kHz,nan kHz,0,362,2058
Mon.May.02.2022 16:02:56.634,13,2.30508,MCU is reading properly,253,-12,G,nan kHz,nan kHz,0,362,2058
Mon.May.02.2022 16:02:56.647,13,2.28752,MCU is reading properly,253,-12,G,nan kHz,nan kHz,0,362,2058
Mon.May.02.2022 16:02:56.647,13,2.27117,MCU is reading properly,253,-12,G,nan kHz,nan kHz,0,362,2058
Mon.May.02.2022 16:02:56.662,13,2.25615,MCU is reading properly,253,-12,G,nan kHz,nan kHz,0,362,2059
Mon.May.02.2022 16:02:56.672,13,2.24247,MCU is reading properly,253,-12,G,nan kHz,nan kHz,0,362,2060
Mon.May.02.2022 16:02:56.672,13,2.23024,MCU is reading properly,253,-12,G,nan kHz,nan kHz,0,362,2060
Mon.May.02.2022 16:02:56.692,13,2.21945,MCU is reading properly,253,-12,G,nan kHz,nan kHz,0,362,2061
Mon.May.02.2022 16:02:56.787,13,2.21013,MCU is reading properly,253,-12,G,nan kHz,nan kHz,0,409,2061
Mon.May.02.2022 16:02:56.787,13,2.21013,MCU is reading properly,253,-12,G,nan kHz,nan kHz,0,409,2061
Mon.May.02.2022 16:02:56.797,13,2.20234,MCU is reading properly,253,-12,G,nan kHz,nan kHz,0,409,2061
Mon.May.02.2022 16:02:56.797,13,2.19605,MCU is reading properly,253,-12,G,nan kHz,nan kHz,0,409,2061
Mon.May.02.2022 16:02:56.797,13,2.19131,MCU is reading properly,253,-12,G,nan kHz,nan kHz,0,409,2061
Mon.May.02.2022 16:02:56.818,13,2.18816,MCU is reading properly,253,-12,G,nan kHz,nan kHz,0,409,2061
Mon.May.02.2022 16:02:56.818,13,2.18816,MCU is reading properly,253,-12,G,nan kHz,nan kHz,0,409,2061
Mon.May.02.2022 16:02:56.818,13,2.18659,MCU is reading properly,253,-12,G,nan kHz,nan kHz,0,409,2061
Mon.May.02.2022 16:02:56.818,13,2.18664,MCU is reading properly,253,-12,G,nan kHz,nan kHz,0,409,2061
Mon.May.02.2022 16:02:56.844,13,2.18837,MCU is reading properly,253,-12,G,nan kHz,nan kHz,0,409,2062
Mon.May.02.2022 16:02:56.850,13,2.19183,MCU is reading properly,253,-12,G,nan kHz,nan kHz,0,409,2063
Mon.May.02.2022 16:02:56.850,13,2.19701,MCU is reading properly,253,-12,G,nan kHz,nan kHz,0,409,2063
Mon.May.02.2022 16:02:56.947,13,2.20393,MCU is reading properly,253,-12,G,nan kHz,nan kHz,0,362,2063
Mon.May.02.2022 16:02:56.957,13,2.20393,MCU is reading properly,253,-12,G,nan kHz,nan kHz,0,362,2063
Mon.May.02.2022 16:02:56.957,13,2.2126,MCU is reading properly,253,-12,G,nan kHz,nan kHz,0,362,2063
Mon.May.02.2022 16:02:56.957,13,2.22302,MCU is reading properly,253,-12,G,nan kHz,nan kHz,0,362,2063
Mon.May.02.2022 16:02:56.957,13,2.2352,MCU is reading properly,253,-12,G,nan kHz,nan kHz,0,362,2063
Mon.May.02.2022 16:02:56.980,13,2.24914,MCU is reading properly,253,-12,G,nan kHz,nan kHz,0,362,2063
Mon.May.02.2022 16:02:56.991,13,2.26469,MCU is reading properly,253,-12,G,nan kHz,nan kHz,0,362,2064
Mon.May.02.2022 16:02:56.991,13,2.28166,MCU is reading properly,253,-12,G,nan kHz,nan kHz,0,362,2064
Mon.May.02.2022 16:02:56.998,13,2.30035,MCU is reading properly,253,-12,G,nan kHz,nan kHz,0,362,2065
Mon.May.02.2022 16:02:56.998,13,2.32064,MCU is reading properly,253,-12,G,nan kHz,nan kHz,0,362,2065
Mon.May.02.2022 16:02:57.116,13,2.34264,MCU is reading properly,253,-12,G,nan kHz,nan kHz,0,370,2063
Mon.May.02.2022 16:02:57.120,13,2.36622,MCU is reading properly,253,-12,G,nan kHz,nan kHz,0,370,2063
Mon.May.02.2022 16:02:57.120,13,2.36622,MCU is reading properly,253,-12,G,nan kHz,nan kHz,0,370,2063
Mon.May.02.2022 16:02:57.120,13,2.39149,MCU is reading properly,253,-12,G,nan kHz,nan kHz,0,370,2063
Mon.May.02.2022 16:02:57.141,13,2.41821,MCU is reading properly,253,-12,G,nan kHz,nan kHz,0,370,2064
Mon.May.02.2022 16:02:57.141,13,2.44609,MCU is reading properly,253,-12,G,nan kHz,nan kHz,0,370,2064
Mon.May.02.2022 16:02:57.141,13,2.47548,MCU is reading properly,253,-12,G,nan kHz,nan kHz,0,370,2064
Mon.May.02.2022 16:02:57.162,13,2.47548,MCU is reading properly,253,-12,G,nan kHz,nan kHz,0,370,2065
Mon.May.02.2022 16:02:57.162,13,2.50627,MCU is reading properly,253,-12,G,nan kHz,nan kHz,0,370,2065
Mon.May.02.2022 16:02:57.162,13,2.53861,MCU is reading properly,253,-12,G,nan kHz,nan kHz,0,370,2065
Mon.May.02.2022 16:02:57.178,13,2.57241,MCU is reading properly,253,-12,G,nan kHz,nan kHz,0,370,2066
Mon.May.02.2022 16:02:57.262,13,2.60751,MCU is reading properly,253,-12,G,nan kHz,nan kHz,0,440,2065
Mon.May.02.2022 16:02:57.262,13,2.64399,MCU is reading properly,253,-12,G,nan kHz,nan kHz,0,440,2065
Mon.May.02.2022 16:02:57.262,13,2.68184,MCU is reading properly,253,-12,G,nan kHz,nan kHz,0,440,2065
Mon.May.02.2022 16:02:57.278,13,2.68184,MCU is reading properly,253,-12,G,nan kHz,nan kHz,0,440,2065
Mon.May.02.2022 16:02:57.278,13,2.721,MCU is reading properly,253,-12,G,nan kHz,nan kHz,0,440,2065
Mon.May.02.2022 16:02:57.278,13,2.76145,MCU is reading properly,253,-12,G,nan kHz,nan kHz,0,440,2065
Mon.May.02.2022 16:02:57.278,13,2.80316,MCU is reading properly,253,-12,G,nan kHz,nan kHz,0,440,2065
Mon.May.02.2022 16:02:57.299,13,2.84609,MCU is reading properly,253,-12,G,nan kHz,nan kHz,0,440,2066
Mon.May.02.2022 16:02:57.299,13,2.8902,MCU is reading properly,253,-12,G,nan kHz,nan kHz,0,440,2066
Mon.May.02.2022 16:02:57.299,13,2.93478,MCU is reading properly,253,-12,G,nan kHz,nan kHz,0,440,2066
Mon.May.02.2022 16:02:57.299,13,2.98056,MCU is reading properly,253,-12,G,nan kHz,nan kHz,0,440,2066
Mon.May.02.2022 16:02:57.320,13,3.02739,MCU is reading properly,253,-12,G,nan kHz,nan kHz,0,440,2067
Mon.May.02.2022 16:02:57.420,13,3.07521,MCU is reading properly,253,-12,G,nan kHz,nan kHz,0,331,2066
Mon.May.02.2022 16:02:57.420,13,3.12398,MCU is reading properly,253,-12,G,nan kHz,nan kHz,0,331,2066
Mon.May.02.2022 16:02:57.420,13,3.12398,MCU is reading properly,253,-12,G,nan kHz,nan kHz,0,331,2066
Mon.May.02.2022 16:02:57.420,13,3.17352,MCU is reading properly,253,-12,G,nan kHz,nan kHz,0,331,2066
Mon.May.02.2022 16:02:57.420,13,3.22392,MCU is reading properly,253,-12,G,nan kHz,nan kHz,0,331,2066
Mon.May.02.2022 16:02:57.441,13,3.27513,MCU is reading properly,253,-12,G,nan kHz,nan kHz,0,331,2065
Mon.May.02.2022 16:02:57.441,13,3.32759,MCU is reading properly,253,-12,G,nan kHz,nan kHz,0,331,2065
Mon.May.02.2022 16:02:57.441,13,3.32759,MCU is reading properly,253,-12,G,nan kHz,nan kHz,0,331,2065
Mon.May.02.2022 16:02:57.441,13,3.38047,MCU is reading properly,253,-12,G,nan kHz,nan kHz,0,331,2065
Mon.May.02.2022 16:02:57.461,13,3.4345,MCU is reading properly,253,-12,G,nan kHz,nan kHz,0,331,2065
Mon.May.02.2022 16:02:57.583,13,3.48902,MCU is reading properly,253,-12,G,nan kHz,nan kHz,0,401,2064
Mon.May.02.2022 16:02:57.594,13,3.54428,MCU is reading properly,253,-12,G,nan kHz,nan kHz,0,401,2064
Mon.May.02.2022 16:02:57.605,13,3.60009,MCU is reading properly,253,-12,G,nan kHz,nan kHz,0,401,2065
Mon.May.02.2022 16:02:57.615,13,3.65638,MCU is reading properly,253,-12,G,nan kHz,nan kHz,0,401,2065
Mon.May.02.2022 16:02:57.619,13,3.65638,MCU is reading properly,253,-12,G,nan kHz,nan kHz,0,401,2065
Mon.May.02.2022 16:02:57.629,13,3.7131,MCU is reading properly,253,-12,G,nan kHz,nan kHz,0,401,2065
Mon.May.02.2022 16:02:57.640,13,3.7702,MCU is reading properly,253,-12,G,nan kHz,nan kHz,0,401,2066
Mon.May.02.2022 16:02:57.651,13,3.82763,MCU is reading properly,253,-12,G,nan kHz,nan kHz,0,401,2067
Mon.May.02.2022 16:02:57.662,13,3.88533,MCU is reading properly,253,-12,G,nan kHz,nan kHz,0,401,2068
Mon.May.02.2022 16:02:57.673,13,3.94307,MCU is reading properly,253,-12,G,nan kHz,nan kHz,0,401,2069
Mon.May.02.2022 16:02:57.684,13,4.00097,MCU is reading properly,253,-12,G,nan kHz,nan kHz,0,401,2070
Mon.May.02.2022 16:02:57.728,13,4.05898,MCU is reading properly,253,-12,G,nan kHz,nan kHz,0,409,2069
Mon.May.02.2022 16:02:57.739,13,4.11705,MCU is reading properly,253,-12,G,nan kHz,nan kHz,0,409,2069
Mon.May.02.2022 16:02:57.749,13,4.17511,MCU is reading properly,253,-12,G,nan kHz,nan kHz,0,409,2070
Mon.May.02.2022 16:02:57.760,13,4.23311,MCU is reading properly,253,-12,G,nan kHz,nan kHz,0,409,2070
Mon.May.02.2022 16:02:57.771,13,4.23311,MCU is reading properly,253,-12,G,nan kHz,nan kHz,0,409,2071
Mon.May.02.2022 16:02:57.782,13,4.29101,MCU is reading properly,253,-12,G,nan kHz,nan kHz,0,409,2072
Mon.May.02.2022 16:02:57.792,13,4.34892,MCU is reading properly,253,-12,G,nan kHz,nan kHz,0,409,2073
Mon.May.02.2022 16:02:57.803,13,4.40661,MCU is reading properly,253,-12,G,nan kHz,nan kHz,0,409,2074
Mon.May.02.2022 16:02:57.813,13,4.46385,MCU is reading properly,253,-12,G,nan kHz,nan kHz,0,409,2075
Mon.May.02.2022 16:02:57.824,13,4.46385,MCU is reading properly,253,-12,G,nan kHz,nan kHz,0,409,2076
Mon.May.02.2022 16:02:57.834,13,4.52094,MCU is reading properly,253,-12,G,nan kHz,nan kHz,0,409,2077
Mon.May.02.2022 16:02:57.845,13,4.57765,MCU is reading properly,253,-12,G,nan kHz,nan kHz,0,409,2078
Mon.May.02.2022 16:02:57.880,13,4.63376,MCU is reading properly,253,-12,G,nan kHz,nan kHz,0,323,2077
Mon.May.02.2022 16:02:57.880,13,4.6894,MCU is reading properly,253,-12,G,nan kHz,nan kHz,0,323,2077
Mon.May.02.2022 16:02:57.880,13,4.74451,MCU is reading properly,253,-12,G,nan kHz,nan kHz,0,323,2077
Mon.May.02.2022 16:02:57.901,13,4.7992,MCU is reading properly,253,-12,G,nan kHz,nan kHz,0,323,2078
Mon.May.02.2022 16:02:57.901,13,4.7992,MCU is reading properly,253,-12,G,nan kHz,nan kHz,0,323,2078
Mon.May.02.2022 16:02:57.901,13,4.8531,MCU is reading properly,253,-12,G,nan kHz,nan kHz,0,323,2078
Mon.May.02.2022 16:02:57.901,13,4.90649,MCU is reading properly,253,-12,G,nan kHz,nan kHz,0,323,2078
Mon.May.02.2022 16:02:57.917,13,4.95899,MCU is reading properly,253,-12,G,nan kHz,nan kHz,0,323,2078
Mon.May.02.2022 16:02:57.922,13,5.01073,MCU is reading properly,253,-12,G,nan kHz,nan kHz,0,323,2078
Mon.May.02.2022 16:02:58.043,13,5.06165,MCU is reading properly,253,-12,G,nan kHz,nan kHz,0,401,2077
Mon.May.02.2022 16:02:58.043,13,5.11171,MCU is reading properly,253,-12,G,nan kHz,nan kHz,0,401,2077
Mon.May.02.2022 16:02:58.043,13,5.16088,MCU is reading properly,253,-12,G,nan kHz,nan kHz,0,401,2077
Mon.May.02.2022 16:02:58.043,13,5.2091,MCU is reading properly,253,-12,G,nan kHz,nan kHz,0,401,2077
Mon.May.02.2022 16:02:58.043,13,5.25635,MCU is reading properly,253,-12,G,nan kHz,nan kHz,0,401,2077
Mon.May.02.2022 16:02:58.064,13,5.30271,MCU is reading properly,253,-12,G,nan kHz,nan kHz,0,401,2077
Mon.May.02.2022 16:02:58.064,13,5.30271,MCU is reading properly,253,-12,G,nan kHz,nan kHz,0,401,2077
Mon.May.02.2022 16:02:58.064,13,5.34788,MCU is reading properly,253,-12,G,nan kHz,nan kHz,0,401,2077
Mon.May.02.2022 16:02:58.080,13,5.39208,MCU is reading properly,253,-12,G,nan kHz,nan kHz,0,401,2077
Mon.May.02.2022 16:02:58.080,13,5.43503,MCU is reading properly,253,-12,G,nan kHz,nan kHz,0,401,2077
Mon.May.02.2022 16:02:58.080,13,5.47681,MCU is reading properly,253,-12,G,nan kHz,nan kHz,0,401,2077
Mon.May.02.2022 16:02:58.202,13,5.47681,MCU is reading properly,253,-12,G,nan kHz,nan kHz,0,370,2076
Mon.May.02.2022 16:02:58.202,13,5.51729,MCU is reading properly,253,-12,G,nan kHz,nan kHz,0,370,2076
Mon.May.02.2022 16:02:58.202,13,5.55666,MCU is reading properly,253,-12,G,nan kHz,nan kHz,0,370,2076
Mon.May.02.2022 16:02:58.202,13,5.59479,MCU is reading properly,253,-12,G,nan kHz,nan kHz,0,370,2076
Mon.May.02.2022 16:02:58.202,13,5.63164,MCU is reading properly,253,-12,G,nan kHz,nan kHz,0,370,2076
Mon.May.02.2022 16:02:58.223,13,5.66719,MCU is reading properly,253,-12,G,nan kHz,nan kHz,0,370,2076
Mon.May.02.2022 16:02:58.223,13,5.70141,MCU is reading properly,253,-12,G,nan kHz,nan kHz,0,370,2076
Mon.May.02.2022 16:02:58.223,13,5.70141,MCU is reading properly,253,-12,G,nan kHz,nan kHz,0,370,2076
Mon.May.02.2022 16:02:58.223,13,5.73458,MCU is reading properly,253,-12,G,nan kHz,nan kHz,0,370,2076
Mon.May.02.2022 16:02:58.243,13,5.76673,MCU is reading properly,253,-12,G,nan kHz,nan kHz,0,370,2077
Mon.May.02.2022 16:02:58.243,13,5.79744,MCU is reading properly,253,-12,G,nan kHz,nan kHz,0,370,2077
Mon.May.02.2022 16:02:58.364,13,5.82668,MCU is reading properly,253,-12,G,nan kHz,nan kHz,0,401,2076
Mon.May.02.2022 16:02:58.364,13,5.85493,MCU is reading properly,253,-12,G,nan kHz,nan kHz,0,401,2076
Mon.May.02.2022 16:02:58.364,13,5.88179,MCU is reading properly,253,-12,G,nan kHz,nan kHz,0,401,2076
Mon.May.02.2022 16:02:58.364,13,5.90707,MCU is reading properly,253,-12,G,nan kHz,nan kHz,0,401,2076
Mon.May.02.2022 16:02:58.381,13,5.93078,MCU is reading properly,253,-12,G,nan kHz,nan kHz,0,401,2076
Mon.May.02.2022 16:02:58.381,13,5.95284,MCU is reading properly,253,-12,G,nan kHz,nan kHz,0,401,2076
Mon.May.02.2022 16:02:58.381,13,5.97337,MCU is reading properly,253,-12,G,nan kHz,nan kHz,0,401,2076
Mon.May.02.2022 16:02:58.381,13,5.97337,MCU is reading properly,253,-12,G,nan kHz,nan kHz,0,401,2076
Mon.May.02.2022 16:02:58.401,13,5.99215,MCU is reading properly,253,-12,G,nan kHz,nan kHz,0,401,2077
Mon.May.02.2022 16:02:58.401,13,6.00951,MCU is reading properly,253,-12,G,nan kHz,nan kHz,0,401,2077
Mon.May.02.2022 16:02:58.401,13,6.02528,MCU is reading properly,253,-12,G,nan kHz,nan kHz,0,401,2077
Mon.May.02.2022 16:02:58.522,13,6.03945,MCU is reading properly,253,-12,G,nan kHz,nan kHz,0,370,2076
Mon.May.02.2022 16:02:58.522,13,6.03945,MCU is reading properly,253,-12,G,nan kHz,nan kHz,0,370,2076
Mon.May.02.2022 16:02:58.522,13,6.05201,MCU is reading properly,253,-12,G,nan kHz,nan kHz,0,370,2076
Mon.May.02.2022 16:02:58.522,13,6.06299,MCU is reading properly,253,-12,G,nan kHz,nan kHz,0,370,2076
Mon.May.02.2022 16:02:58.522,13,6.07228,MCU is reading properly,253,-12,G,nan kHz,nan kHz,0,370,2076
Mon.May.02.2022 16:02:58.543,13,6.08005,MCU is reading properly,253,-12,G,nan kHz,nan kHz,0,370,2076
Mon.May.02.2022 16:02:58.543,13,6.08635,MCU is reading properly,253,-12,G,nan kHz,nan kHz,0,370,2076
Mon.May.02.2022 16:02:58.543,13,6.0912,MCU is reading properly,253,-12,G,nan kHz,nan kHz,0,370,2076
Mon.May.02.2022 16:02:58.543,13,6.0912,MCU is reading properly,253,-12,G,nan kHz,nan kHz,0,370,2076
Mon.May.02.2022 16:02:58.564,13,6.0946,MCU is reading properly,253,-12,G,nan kHz,nan kHz,0,370,2077
Mon.May.02.2022 16:02:58.564,13,6.09659,MCU is reading properly,253,-12,G,nan kHz,nan kHz,0,370,2077
Mon.May.02.2022 16:02:58.681,13,6.09718,MCU is reading properly,253,-12,G,nan kHz,nan kHz,0,401,2076
Mon.May.02.2022 16:02:58.681,13,6.09639,MCU is reading properly,253,-12,G,nan kHz,nan kHz,0,401,2076
Mon.May.02.2022 16:02:58.681,13,6.09424,MCU is reading properly,253,-12,G,nan kHz,nan kHz,0,401,2076
Mon.May.02.2022 16:02:58.681,13,6.09077,MCU is reading properly,253,-12,G,nan kHz,nan kHz,0,401,2076
Mon.May.02.2022 16:02:58.681,13,6.08599,MCU is reading properly,253,-12,G,nan kHz,nan kHz,0,401,2076
Mon.May.02.2022 16:02:58.702,13,6.07996,MCU is reading properly,253,-12,G,nan kHz,nan kHz,0,401,2076
Mon.May.02.2022 16:02:58.702,13,6.07269,MCU is reading properly,253,-12,G,nan kHz,nan kHz,0,401,2076
Mon.May.02.2022 16:02:58.702,13,6.06421,MCU is reading properly,253,-12,G,nan kHz,nan kHz,0,401,2076
Mon.May.02.2022 16:02:58.702,13,6.06421,MCU is reading properly,253,-12,G,nan kHz,nan kHz,0,401,2076
Mon.May.02.2022 16:02:58.723,13,6.0546,MCU is reading properly,253,-12,G,nan kHz,nan kHz,0,401,2077
Mon.May.02.2022 16:02:58.723,13,6.04382,MCU is reading properly,253,-12,G,nan kHz,nan kHz,0,401,2077
Mon.May.02.2022 16:02:58.843,13,6.03191,MCU is reading properly,253,-12,G,nan kHz,nan kHz,0,370,2075
Mon.May.02.2022 16:02:58.843,13,6.01893,MCU is reading properly,253,-12,G,nan kHz,nan kHz,0,370,2075
Mon.May.02.2022 16:02:58.843,13,6.01893,MCU is reading properly,253,-12,G,nan kHz,nan kHz,0,370,2075
Mon.May.02.2022 16:02:58.843,13,6.00498,MCU is reading properly,253,-12,G,nan kHz,nan kHz,0,370,2075
Mon.May.02.2022 16:02:58.843,13,5.99004,MCU is reading properly,253,-12,G,nan kHz,nan kHz,0,370,2075
Mon.May.02.2022 16:02:58.864,13,5.97416,MCU is reading properly,253,-12,G,nan kHz,nan kHz,0,370,2075
Mon.May.02.2022 16:02:58.864,13,5.95734,MCU is reading properly,253,-12,G,nan kHz,nan kHz,0,370,2075
Mon.May.02.2022 16:02:58.864,13,5.93971,MCU is reading properly,253,-12,G,nan kHz,nan kHz,0,370,2075
Mon.May.02.2022 16:02:58.881,13,5.92128,MCU is reading properly,253,-12,G,nan kHz,nan kHz,0,370,2076
Mon.May.02.2022 16:02:58.881,13,5.92128,MCU is reading properly,253,-12,G,nan kHz,nan kHz,0,370,2076
Mon.May.02.2022 16:02:58.881,13,5.90203,MCU is reading properly,253,-12,G,nan kHz,nan kHz,0,370,2076
Mon.May.02.2022 16:02:59.002,13,5.88206,MCU is reading properly,253,-12,G,nan kHz,nan kHz,0,401,2075
Mon.May.02.2022 16:02:59.002,13,5.86147,MCU is reading properly,253,-12,G,nan kHz,nan kHz,0,401,2075
Mon.May.02.2022 16:02:59.002,13,5.84021,MCU is reading properly,253,-12,G,nan kHz,nan kHz,0,401,2075
Mon.May.02.2022 16:02:59.002,13,5.81843,MCU is reading properly,253,-12,G,nan kHz,nan kHz,0,401,2075
Mon.May.02.2022 16:02:59.002,13,5.79606,MCU is reading properly,253,-12,G,nan kHz,nan kHz,0,401,2075
Mon.May.02.2022 16:02:59.023,13,5.77336,MCU is reading properly,253,-12,G,nan kHz,nan kHz,0,401,2076
Mon.May.02.2022 16:02:59.023,13,5.75022,MCU is reading properly,253,-12,G,nan kHz,nan kHz,0,401,2076
Mon.May.02.2022 16:02:59.023,13,5.72672,MCU is reading properly,253,-12,G,nan kHz,nan kHz,0,401,2076
Mon.May.02.2022 16:02:59.023,13,5.70296,MCU is reading properly,253,-12,G,nan kHz,nan kHz,0,401,2076
Mon.May.02.2022 16:02:59.044,13,5.70296,MCU is reading properly,253,-12,G,nan kHz,nan kHz,0,401,2077
Mon.May.02.2022 16:02:59.044,13,5.67886,MCU is reading properly,253,-12,G,nan kHz,nan kHz,0,401,2077
Mon.May.02.2022 16:02:59.156,13,5.65446,MCU is reading properly,253,-12,G,nan kHz,nan kHz,0,409,2076
Mon.May.02.2022 16:02:59.160,13,5.62996,MCU is reading properly,253,-12,G,nan kHz,nan kHz,0,409,2076
Mon.May.02.2022 16:02:59.171,13,5.60534,MCU is reading properly,253,-12,G,nan kHz,nan kHz,0,409,2076
Mon.May.02.2022 16:02:59.183,13,5.60534,MCU is reading properly,253,-12,G,nan kHz,nan kHz,0,409,2077
Mon.May.02.2022 16:02:59.194,13,5.58063,MCU is reading properly,253,-12,G,nan kHz,nan kHz,0,409,2078
Mon.May.02.2022 16:02:59.205,13,5.55583,MCU is reading properly,253,-12,G,nan kHz,nan kHz,0,409,2079
Mon.May.02.2022 16:02:59.208,13,5.53113,MCU is reading properly,253,-12,G,nan kHz,nan kHz,0,409,2079
Mon.May.02.2022 16:02:59.218,13,5.5065,MCU is reading properly,253,-12,G,nan kHz,nan kHz,0,409,2080
Mon.May.02.2022 16:02:59.229,13,5.48198,MCU is reading properly,253,-12,G,nan kHz,nan kHz,0,409,2081
Mon.May.02.2022 16:02:59.240,13,5.45764,MCU is reading properly,253,-12,G,nan kHz,nan kHz,0,409,2082
Mon.May.02.2022 16:02:59.251,13,5.45764,MCU is reading properly,253,-12,G,nan kHz,nan kHz,0,409,2083
Mon.May.02.2022 16:02:59.262,13,5.43351,MCU is reading properly,253,-12,G,nan kHz,nan kHz,0,409,2084
